Fiscal Year,Organization,Core Responsibility,Program,Program Outcome,indicator
2021-2022,Department of National Defence,Operations,Operations in Canada,Operations in Canada are effective,% of Operational Effects Achieved
2021-2022,Department of National Defence,Operations,Operations in North America,Operations in North America are effective,% of Operational Effects Achieved
2021-2022,Department of National Defence,Operations,International Operations,International operations are effective,% of Operational Effects Achieved
2021-2022,Department of National Defence,Operations,Global Engagement,The Department of National Defence and the Canadian Armed Forces have productive relationships and engagements with international partners that reflect Government and Departmental policies and priorities,% of the Department of National Defence and the Canadian Armed Forces organizations identified as undertaking relevant international engagement who have been informed of policy direction
2021-2022,Department of National Defence,Operations,Cyber Operations,Protect and defend critical military platforms and networks from electronic warfare and cyber-attack; and exploit vulnerabilities of an adversary through cyberspace,% of person days spent on Canadian Forces National Service Desk (CF NSD)
2021-2022,Department of National Defence,Operations,"Command, Control and Sustainment of Operations","Canadian Armed Forces are able to anticipate, adapt and act (through operations) in response to Government of Canada priorities",% of Operational effectiveness based on Command and Control Evaluation Index
2021-2022,Department of National Defence,Operations,Special Operations,The Canadian Forces Armed Assistance Directive (CFAAD) Requests are satisfied,% of Canadian Forces Armed Assistance Directive (CFAAD) specifications satisfied
2021-2022,Department of National Defence,Operations,Special Operations,The intent of the Chief of the Defence Staff tasks are achieved,% of the Chief of the Defence Staff designated tasks achieved
2021-2022,Department of National Defence,Operations,Special Operations,The intent of the other government department requests are met,% of Request for Assistance specifications satisfied
2021-2022,Department of National Defence,Operations,Special Operations,The Chief of the Defence Staff Tasks are enabled by the Global Special Operations Force Network,"% of the Chief of the Defence Staff Tasks, in regions or domains where Allied presence is uniquely Special Operations Forces, that are enabled by the Global Special Operations Force Network"
2021-2022,Department of National Defence,Ready Forces,Strategic Command and Control,Operations are capable of being conducted concurrently,% of operations that are capable of being conducted concurrently
2021-2022,Department of National Defence,Ready Forces,Ready Naval Forces,Maritime force elements are deployable in support of Force Posture and Readiness (FP&R),% of Force Posture & Readiness days achieved during a given Fiscal Year (Unit Ready Days)
2021-2022,Department of National Defence,Ready Forces,Ready Naval Forces,Maritime force elements are deployable in support of Force Posture and Readiness (FP&R),% of Royal Canadian Navy Fleet Maintenance Facility (FMF) positions filled (FMF Establishment Staffing Rate)
2021-2022,Department of National Defence,Ready Forces,Ready Naval Forces,Maritime force elements are deployable in support of Force Posture and Readiness (FP&R),% of Maritime key fleets are serviceable in accordance with the defined readiness requirement
2021-2022,Department of National Defence,Ready Forces,Ready Land Forces,Land force elements are deployable in support of Force Posture and Readiness (FP&R),% of deployable Land force elements in support of Force Posture & Readiness (FP&R)
2021-2022,Department of National Defence,Ready Forces,Ready Land Forces,Land force elements are deployable in support of Force Posture and Readiness (FP&R),% of Land equipment that is servicable to meet resourced training and readiness requirements
2021-2022,Department of National Defence,Ready Forces,Ready Air and Space Forces,Air and Space force elements meet Force Posture and Readiness (FP&R) requirements,% of time Air and Space force elements met Force Posture & Readiness requirements
2021-2022,Department of National Defence,Ready Forces,Ready Air and Space Forces,Royal Canadian Air Force fleets are serviceable to meet training and readiness requirements,% of Aerospace fleets that are serviceable to meet training and readiness requirements
2021-2022,Department of National Defence,Ready Forces,Ready Special Operations Forces,Canadian Special Operations Forces Command elements are ready to meet specific tasks,% of Canadian Special Operations Forces Command elements ready to meet specific tasks
2021-2022,Department of National Defence,Ready Forces,Ready Cyber and Joint Communication Information Systems (CIS) Forces,Force elements are produced and sustained at the required readiness level to perform the required tasks assigned under the Chief of the Defence Staff Directive on Force Posture and Readiness (FP&R),% of time Cyber and Joint Communication Information System elements were ready to meet Force Posture & Readiness requirements
2021-2022,Department of National Defence,Ready Forces,Ready Intelligence Forces,Canadian Forces Intelligence Command (CFINTCOM) elements meet Force Posture and Readiness (FP&R) requirements,% of Canadian Forces Intelligence Command elements that met Force Posture & Readiness requirements
2021-2022,Department of National Defence,Ready Forces,Ready Joint and Combined Forces,Joint Exercises in Joint Managed Readiness Programme (JMRP) are conducted as directed/planned,% of total Joint Exercises in Joint Managed Readiness Programme (JMRP) conducted as directed or planned
2021-2022,Department of National Defence,Ready Forces,"Ready Health, Military Police and Support Forces","Health, Military Police and Support Forces meet Force Posture and Readiness requirements",Canadian Forces Health Services Group force elements are meeting the Force Posture and Readiness requirements
2021-2022,Department of National Defence,Ready Forces,Equipment Support,Fleets available as planned to meet training and operational readiness requirement,% of planned availability of key Canadian Armed Forces fleets generated for training and readiness requirements
2021-2022,Department of National Defence,Ready Forces,Canadian Forces Liaison Council and Employer Support,Reservists get their requested time off,% of approved time off requested by reservists for military duties
2021-2022,Department of National Defence,Defence Team,Recruitment,Canadian Armed Forces has the required number of Regular Force personnel,% of Regular Force positions that are filled
2021-2022,Department of National Defence,Defence Team,Recruitment,Canadian Armed Forces has the required number of Primary Reserve personnel,% of Reserve Force positions that are filled
2021-2022,Department of National Defence,Defence Team,Individual Training and Professional Military Education,Canadian Armed Forces has the required number of qualified Regular Force personnel,% of Canadian Armed Forces Regular Force positions filled by qualified personnel
2021-2022,Department of National Defence,Defence Team,Individual Training and Professional Military Education,Canadian Armed Forces has the required number of qualified Primary Reserve personnel,% of Canadian Armed Forces Primary Reserve Force positions filled by qualified personnel
2021-2022,Department of National Defence,Defence Team,Total Health Care,Canadian Armed Forces members report a high level of workplace well-being,% of Canadian Armed Forces members who report a positive level of workplace well-being
2021-2022,Department of National Defence,Defence Team,Total Health Care,Employees benefit from a psychologically safe and supportive work environment,% of civilian employees who describe the workplace as psychologically healthy
2021-2022,Department of National Defence,Defence Team,Defence Team Management,Women are well represented within the Defence Team,% of the Canadian Armed Forces who self-identify as a woman
2021-2022,Department of National Defence,Defence Team,Defence Team Management,Women are well represented within the Defence Team,% of the Civilian workforce who self identify as a woman
2021-2022,Department of National Defence,Defence Team,Defence Team Management,Visible Minorities are well represented within the Defence Team,% of the Canadian Armed Forces who self-identify as a visible minority
2021-2022,Department of National Defence,Defence Team,Defence Team Management,Visible Minorities are well represented within the Defence Team,% of the Civilian workforce who self-identify as a visible minority
2021-2022,Department of National Defence,Defence Team,Defence Team Management,Indigenous personnel are well represented within the Defence Team,% of the Canadian Armed Forces who self-identified as an indigenous person
2021-2022,Department of National Defence,Defence Team,Defence Team Management,Indigenous personnel are well represented within the Defence Team,% of the Civilian workforce who self-identified as an indigenous person
2021-2022,Department of National Defence,Defence Team,Military Transition,Canadian Armed Force personnel and their families are aware of and/or enrolled in transition supports and services,% of transitioning personnel who have received education and/or training concerning transition support services
2021-2022,Department of National Defence,Defence Team,Military Member and Family Support,Families meet the challenges of military life,% of Canadian Armed Forces families who feel they meet the challenges of military life
2021-2022,Department of National Defence,Defence Team,Military History and Heritage,Canadian Armed Forces museums are well visited,Number of visitors to Canadian Armed Forces museums
2021-2022,Department of National Defence,Defence Team,Military Law Services/Military Justice Superintendence,Legal services are provided competently in a reasonable and timely manner,Legal services provided
2021-2022,Department of National Defence,Defence Team,Ombudsman,Increased credibility and acceptance of Ombudsman reports and recommendations,% of recommendations made by the Ombudsman's office in systemic reports agreed to by the Department of National Defence/Canadian Armed Forces leadership
2021-2022,Department of National Defence,Defence Team,Ombudsman,Increased credibility and acceptance of Ombudsman reports and recommendations,% of recommendations made by the Ombudsman's office in general investigation reports agreed to by the Department of National Defence/Canadian Armed Forces leadership
2021-2022,Department of National Defence,Defence Team,Ombudsman,Increased level of education and assistance provided to constituents,% of constituent files that meet service standards
2021-2022,Department of National Defence,Defence Team,Cadets and Junior Canadian Rangers (Youth Program),Youth in Canada are provided with experience and opportunities that enable a successful transition to adulthood,% of the target Canadian youth population that participates in Cadets and Junior Canadian Rangers
2021-2022,Department of National Defence,Future Force Design,Joint Force Development,"Future Defence capabilities are conceived, designed and prioritized based on foresight (trends, threats, S&T) and structured in Government of Canada defence investment portfolio",Extent to which foresight publications and/or documentation such as the Future Operating Environment remains valid
2021-2022,Department of National Defence,Future Force Design,Joint Force Development,Defence capabilities are acquired / managed in coordination with pan-governmental polices and Innovation Agendas to meet evolving defence requirements,Extent to which the Force Capability Plan (FCP) remains valid
2021-2022,Department of National Defence,Future Force Design,Joint Force Development,"Defence capabilities are enabled and supported by a robust, standardized enterprise architecture toolset",Extent to which the Enterprise Architecture methods and programme are adopted across the Department of National Defence / Canadian Armed Forces
2021-2022,Department of National Defence,Future Force Design,Naval Force Development,Naval Capabilities meet Royal Canadian Navy needs,% of Royal Canadian Navy Major Capital Projects on Schedule (Major Capital Projects Schedule Variance)
2021-2022,Department of National Defence,Future Force Design,Land Force Development,Canadian Army Capability Development Initiatives are resourced,% of Capital Projects that are on schedule in accordance with Departmental timelines
2021-2022,Department of National Defence,Future Force Design,Land Force Development,Canadian Army Capability Development Initiatives are on schedule,% of Master Implementation Directive's that are on schedule
2021-2022,Department of National Defence,Future Force Design,Air and Space Force Development,Royal Canadian Air Force capability requirements are satisfied by a resourced capital project,% of new Royal Canadian Air Force capability requirements satisfied by a resourced capital project
2021-2022,Department of National Defence,Future Force Design,Air and Space Force Development,Royal Canadian Air Force projects remain within scope,% of Royal Canadian Air Force capital equipment projects that were within scope
2021-2022,Department of National Defence,Future Force Design,Air and Space Force Development,Royal Canadian Air Force projects remain on schedule,% of Royal Canadian Air Force capital equipment projects that were on schedule
2021-2022,Department of National Defence,Future Force Design,Air and Space Force Development,Royal Canadian Air Force projects remain on budget,% of Royal Canadian Air Force capital equipment projects that were on budget
2021-2022,Department of National Defence,Future Force Design,Special Operations Force Development,Defence projects are in line with the overall Departmental priorities,Project consistency with overall Departmental priorities
2021-2022,Department of National Defence,Future Force Design,Cyber and Joint Communication Information Systems (CIS) Force Development,"Cyber and Joint Command, Control and Information Systems capital program is delivered in accordance with Strong, Secure, Engaged timelines","% of Cyber and Joint Command, Control and Information Systems capital projects that are on schedule for major milestones"
2021-2022,Department of National Defence,Future Force Design,Intelligence Force Development,Canadian Forces Intelligence Command (CFINTCOM) provides Near Real-Time (NRT) support to Operations and Senior Decision makers,Joint Force effectiveness in providing near real time support to operations and senior decision makers
2021-2022,Department of National Defence,Future Force Design,"Science, Technology and Innovation",Current and future military capabilities and related areas of scientific investigation are established and fulfilled,Ratio between Science & Technology (S&T) investment aimed at 1-5 years to S&T investment aimed at longer term (6 years +)
2021-2022,Department of National Defence,Future Force Design,"Science, Technology and Innovation",A robust Canadian innovation base that can support Canada's defence and security needs is established and enabled,% of Science & Technology (S&T) investment expended on non-Department of National Defence partners
2021-2022,Department of National Defence,Procurement of Capabilities,Maritime Equipment Acquisition,"Maritime equipment projects remain in approved scope, schedule and expenditure authority","% of Maritime capital equipment projects that remain in approved scope, schedule and expenditure authority"
2021-2022,Department of National Defence,Procurement of Capabilities,Land Equipment Acquisition,"Land equipment projects remain in approved scope, schedule and expenditure authority","% of Land capital equipment projects that remain in approved scope, schedule and expenditure authority"
2021-2022,Department of National Defence,Procurement of Capabilities,Aerospace Equipment Acquisition,"Aerospace capital equipment projects remain in approved scope, schedule and expenditure authority","% of Aerospace capital equipment projects that remain in approved scope, schedule and expenditure authority"
2021-2022,Department of National Defence,Procurement of Capabilities,"Defence Information Technology Systems Acquisition, Design and Delivery",Information Technology (IT) Capabilities address a capability gap or deficiency,Degree to which projects required senior management attention
2021-2022,Department of National Defence,Procurement of Capabilities,Defence Materiel Management,Stock is available to meet forecasted demand,% of stock that was unavailable to meet forecasted demand
2021-2022,Department of National Defence,"Sustainable Bases, Information Technology Systems and Infrastructure",Defence Infrastructure Program Management,Infrastructure is well managed throughout its lifecycle,% of infrastructure in suitable condition
2021-2022,Department of National Defence,"Sustainable Bases, Information Technology Systems and Infrastructure",Defence Infrastructure Program Management,Infrastructure is well managed throughout its lifecycle,% of the total real property value that is identified as surplus
2021-2022,Department of National Defence,"Sustainable Bases, Information Technology Systems and Infrastructure","Defence Infrastructure Construction, Recapitalization and Investment",Infrastructure portfolio is right-sized and of the right composition,% of recapitalization investment made
2021-2022,Department of National Defence,"Sustainable Bases, Information Technology Systems and Infrastructure","Defence Infrastructure Construction, Recapitalization and Investment",Infrastructure portfolio is right-sized and of the right composition,% of infrastructure project on schedule
2021-2022,Department of National Defence,"Sustainable Bases, Information Technology Systems and Infrastructure","Defence Infrastructure Maintenance, Support and Operations",Infrastructure assets are available for use by the Department of National Defence/Canadian Armed Forces (DND/CAF),% of preventative maintenance over total maintenance
2021-2022,Department of National Defence,"Sustainable Bases, Information Technology Systems and Infrastructure","Defence Infrastructure Maintenance, Support and Operations",Infrastructure assets are available for use by the Department of National Defence/Canadian Armed Forces (DND/CAF),% of maintenance and repair investment in relation to the infrastructure portfolio value
2021-2022,Department of National Defence,"Sustainable Bases, Information Technology Systems and Infrastructure",Military Family Housing,Housing assets are suitable to the Department of National Defence and the Canadian Armed Forces needs,Degree to which Residential Housing was maintained (National average Condition Assessment)
2021-2022,Department of National Defence,"Sustainable Bases, Information Technology Systems and Infrastructure",Military Family Housing,Housing assets are suitable to the Department of National Defence and the Canadian Armed Forces needs,Number of Residential Housing Units that were assessed as being in 'Below Average' condition
2021-2022,Department of National Defence,"Sustainable Bases, Information Technology Systems and Infrastructure",Military Family Housing,Housing assets are suitable to the Department of National Defence and the Canadian Armed Forces needs,Degree to which Military Housing is suitable to meet the needs of Canadian Armed Forces personnel and their families
2021-2022,Department of National Defence,"Sustainable Bases, Information Technology Systems and Infrastructure","Defence Information Systems, Services and Programme Management","Defence Information Systems, Services and Programme are prioritized, effective, affordable and based on sound investment decisions",Degree to which information priority requirements are resourced by the Capability Development Board (CDB) in accordance with their expenditure approval (EA) schedule
2021-2022,Department of National Defence,"Sustainable Bases, Information Technology Systems and Infrastructure",Environmental Sustainability and Protection,Defence carries out activities in an environmentally responsible and sustainable manner,% of Greenhouse Gas Emissions Reduction
2021-2022,Department of National Defence,"Sustainable Bases, Information Technology Systems and Infrastructure",Environmental Sustainability and Protection,Defence carries out activities in an environmentally responsible and sustainable manner,"% of light-duty vehicle fleet that is hybrid, plug-in hybrid and/or electric"
2021-2022,Department of National Defence,"Sustainable Bases, Information Technology Systems and Infrastructure",Environmental Sustainability and Protection,Defence carries out activities in an environmentally responsible and sustainable manner,% of reduction in contaminated sites liability
2021-2022,Department of National Defence,"Sustainable Bases, Information Technology Systems and Infrastructure",Indigenous Affairs,Aboriginal rights and indigenous culture are respected during the conduct of defence activities,% of proposal assessments for Treaty implications
2021-2022,Department of National Defence,"Sustainable Bases, Information Technology Systems and Infrastructure",Naval Bases,"Naval Bases support Naval force elements required Readiness Level and provide services to integral units, lodger units and dependencies",% of Naval Bases staffing establishment filled
2021-2022,Department of National Defence,"Sustainable Bases, Information Technology Systems and Infrastructure",Naval Bases,"Naval Bases support Naval force elements required Readiness Level and provide services to integral units, lodger units and dependencies",Status of Services Provided by Naval Bases
2021-2022,Department of National Defence,"Sustainable Bases, Information Technology Systems and Infrastructure",Land Bases,"Land Bases provide services to integral units, lodger units and dependencies",Status of Services at Land Bases
2021-2022,Department of National Defence,"Sustainable Bases, Information Technology Systems and Infrastructure",Air and Space Wings,Air and Space Wings enable continuous training and operations,Status of Services provided by Air and Space Wings
2021-2022,Department of National Defence,"Sustainable Bases, Information Technology Systems and Infrastructure",Air and Space Wings,Air and Space wings are well resourced,Staffing Levels at Air and Space Wings
2021-2022,Department of National Defence,"Sustainable Bases, Information Technology Systems and Infrastructure","Joint, Common and International Bases","Joint, Common and International Bases provide services to integral units, lodger units and dependencies","Status of Services provided by Joint, Common and International Bases"
2021-2022,Department of National Defence,"Sustainable Bases, Information Technology Systems and Infrastructure",Military Police Institutional Operations,Crimes investigated are solved by Military Police,Clearance rates for founded reports investigated
2021-2022,Department of National Defence,"Sustainable Bases, Information Technology Systems and Infrastructure",Safety,"The Defence Team works safely, striving to limit the total number of hazardous occurrences and more particularly to limit the number of hazardous occurrences that result in compensation payments",Number of Hazardous Occurrences
2020-2021,Department of National Defence,Operations,Operations in Canada,Operations in Canada are effective,% of Operational Effects Achieved
2020-2021,Department of National Defence,Operations,Operations in North America,Operations in North America are effective,% of Operational Effects Achieved
2020-2021,Department of National Defence,Operations,International Operations,International operations are effective,% of Operational Effects Achieved
2020-2021,Department of National Defence,Operations,Global Engagement,The Department of National Defence and the Canadian Armed Forces have productive relationships and engagements with international partners that reflect Government and Departmental policies and priorities.,% of the Department of National Defence and the Canadian Armed Forces organizations identified as undertaking relevant international engagement who have been informed of policy direction
2020-2021,Department of National Defence,Operations,Cyber Operations,Protect and defend critical military platforms and networks from electronic warfare and cyber-attack; and exploit vulnerabilities of an adversary through cyberspace.,% of person days spent on Canadian Forces National Service Desk (CF NSD)
2020-2021,Department of National Defence,Operations,"Command, Control and Sustainment of Operations","Canadian Armed Forces are able to anticipate, adapt and act (through operations) in response to Government of Canada priorities.",% of Operational effectiveness based on Command and Control Evaluation Index
2020-2021,Department of National Defence,Operations,Special Operations,The Canadian Forces Armed Assistance Directive (CFAAD) Requests are satisfied,% of Canadian Forces Armed Assistance Directive (CFAAD) specifications satisfied
2020-2021,Department of National Defence,Operations,Special Operations,The intent of the Chief of the Defence Staff tasks are achieved.,% of the Chief of the Defence Staff designated tasks achieved
2020-2021,Department of National Defence,Operations,Special Operations,The intent of the other government department requests are met.,% of Request for Assistance specifications satisfied
2020-2021,Department of National Defence,Operations,Special Operations,The Chief of the Defence Staff Tasks are enabled by the Global Special Operations Force Network.,"% of the Chief of the Defence Staff Tasks, in regions or domains where Allied presence is uniquely Special Operations Forces, that are enabled by the Global Special Operations Force Network"
2020-2021,Department of National Defence,Ready Forces,Strategic Command and Control,Operations are capable of being conducted concurrently.,% of operations that are capable of being conducted concurrently;
2020-2021,Department of National Defence,Ready Forces,Ready Naval Forces,Maritime force elements are deployable in support of Force Posture and Readiness (FP&R).,% of Force Posture & Readiness days achieved during a given Fiscal Year (Unit Ready Days)
2020-2021,Department of National Defence,Ready Forces,Ready Naval Forces,Maritime force elements are deployable in support of Force Posture and Readiness (FP&R).,% of Royal Canadian Navy Fleet Maintenance Facility (FMF) positions filled (FMF Establishment Staffing Rate)
2020-2021,Department of National Defence,Ready Forces,Ready Naval Forces,Maritime force elements are deployable in support of Force Posture and Readiness (FP&R).,% of Maritime key fleets are serviceable in accordance with the defined readiness requirement
2020-2021,Department of National Defence,Ready Forces,Ready Land Forces,Land force elements are deployable in support of Force Posture and Readiness (FP&R).,% of deployable Land force elements in support of Force Posture & Readiness (FP&R)
2020-2021,Department of National Defence,Ready Forces,Ready Land Forces,Land force elements are deployable in support of Force Posture and Readiness (FP&R).,% of Land equipment that is servicable to meet resourced training and readiness requirements
2020-2021,Department of National Defence,Ready Forces,Ready Air and Space Forces,Air and Space force elements meet Force Posture and Readiness (FP&R) requirements.,% of time Air and Space force elements met Force Posture & Readiness requirements
2020-2021,Department of National Defence,Ready Forces,Ready Air and Space Forces,Royal Canadian Air Force fleets are serviceable to meet training and readiness requirements.,% of Aerospace fleets that are serviceable to meet training and readiness requirements
2020-2021,Department of National Defence,Ready Forces,Ready Special Operations Forces,Canadian Special Operations Forces Command elements are ready to meet specific tasks.,% of Canadian Special Operations Forces Command elements ready to meet specific tasks
2020-2021,Department of National Defence,Ready Forces,Ready Cyber and Joint Communication Information Systems (CIS) Forces,Force elements are produced and sustained at the required readiness level to perform the required tasks assigned under the Chief of the Defence Staff Directive on Force Posture and Readiness (FP&R).,% of time Cyber and Joint Communication Information System elements were ready to meet Force Posture & Readiness requirements
2020-2021,Department of National Defence,Ready Forces,Ready Intelligence Forces,Canadian Forces Intelligence Command (CFINTCOM) elements meet Force Posture and Readiness (FP&R) requirements.,% of Canadian Forces Intelligence Command elements that met Force Posture & Readiness requirements
2020-2021,Department of National Defence,Ready Forces,Ready Joint and Combined Forces,Joint Exercises in Joint Managed Readiness Programme (JMRP) are conducted as directed/planned.,% of total Joint Exercises in Joint Managed Readiness Programme (JMRP) conducted as directed or planned
2020-2021,Department of National Defence,Ready Forces,"Ready Health, Military Police and Support Forces","Health, Military Police and Support Forces meet Force Posture and Readiness requirements","% of Health, Military Police and Support Forces which meet Force posture and Readiness requirements"
2020-2021,Department of National Defence,Ready Forces,Equipment Support,Fleets available as planned to meet training and operational readiness requirements.,% of planned availability of key Canadian Armed Forces fleets generated for training and readiness requirements
2020-2021,Department of National Defence,Ready Forces,Canadian Forces Liaison Council and Employer Support,Reservists get their requested time off.,% of approved time off requested by reservists for military duties
2020-2021,Department of National Defence,Defence Team,Recruitment,Canadian Armed Forces has the required number of Regular Force personnel.,% of Regular Force positions that are filled
2020-2021,Department of National Defence,Defence Team,Recruitment,Canadian Armed Forces has the required number of Primary Reserve personnel.,% of Reserve Force positions that are filled
2020-2021,Department of National Defence,Defence Team,Individual Training and Professional Military Education,Canadian Armed Forces has the required number of qualified Regular Force personnel.,% of Canadian Armed Forces Regular Force positions filled by qualified personnel
2020-2021,Department of National Defence,Defence Team,Individual Training and Professional Military Education,Canadian Armed Forces has the required number of qualified Primary Reserve personnel.,% of Canadian Armed Forces Primary Reserve Force positions filled by qualified personnel
2020-2021,Department of National Defence,Defence Team,Total Health Care,Canadian Armed Forces members report a high level of workplace well-being.,% of Canadian Armed Forces members who report a high level of workplace well-being
2020-2021,Department of National Defence,Defence Team,Total Health Care,Employees benefit from a psychologically safe and supportive work environment.,% of civilian employees who describe the workplace as psychologically healthy
2020-2021,Department of National Defence,Defence Team,Defence Team Management,Women are well represented within the Defence Team.,% of the Canadian Armed Forces who self-identify as a woman
2020-2021,Department of National Defence,Defence Team,Defence Team Management,Women are well represented within the Defence Team.,% of the Civilian workforce who self identify as a woman
2020-2021,Department of National Defence,Defence Team,Defence Team Management,Visible Minorities are well represented within the Defence Team.,% of the Canadian Armed Forces who self identify as a visible minority
2020-2021,Department of National Defence,Defence Team,Defence Team Management,Visible Minorities are well represented within the Defence Team.,% of the Civilian workforce who self identify as a visible minority
2020-2021,Department of National Defence,Defence Team,Defence Team Management,Indigenous personnel are well represented within the Defence Team.,% of the Canadian Armed Forces who self-identified as an indigenous person
2020-2021,Department of National Defence,Defence Team,Defence Team Management,Indigenous personnel are well represented within the Defence Team.,% of the Civilian workforce who self-identified as an indigenous person
2020-2021,Department of National Defence,Defence Team,Military Transition,Canadian Armed Force personnel and their families are aware of and/or enrolled in transition supports and services.,% of transitioning personnel who have received education and/or training concerning transition support services
2020-2021,Department of National Defence,Defence Team,Military Member and Family Support,Families meet the challenges of military life.,% of Canadian Armed Forces families who feel they meet the challenges of military life
2020-2021,Department of National Defence,Defence Team,Military History and Heritage,Canadian Armed Forces museums are well visited.,Number of visitors to Canadian Armed Forces museums
2020-2021,Department of National Defence,Defence Team,Military Law Services/Military Justice Superintendence,Legal services are provided competently in a reasonable and timely manner.,Legal services provided
2020-2021,Department of National Defence,Defence Team,Ombudsman,Increased credibility and acceptance of Ombudsman reports and recommendations.,% of recommendations made by the Ombudsman's office in systemic reports agreed to by the Department of National Defence/Canadian Armed Forces leadership.
2020-2021,Department of National Defence,Defence Team,Ombudsman,Increased credibility and acceptance of Ombudsman reports and recommendations.,% of recommendations made by the Ombudsman's office in general investigation reports agreed to by the Department of National Defence/Canadian Armed Forces leadership.
2020-2021,Department of National Defence,Defence Team,Ombudsman,Increased level of education and assistance provided to constituents,% of constituent files that meet service standards.
2020-2021,Department of National Defence,Defence Team,Cadets and Junior Canadian Rangers (Youth Program),Youth in Canada are provided with experience and opportunities that enable a successful transition to adulthood.,% of the target Canadian youth population that participates in Cadets and Junior Canadian Rangers
2020-2021,Department of National Defence,Future Force Design,Joint Force Development,"Future Defence capabilities are conceived, designed and prioritized based on foresight (trends, threats, S&T) and structured in Government of Canada defence investment portfolio.",Extent to which foresight publications and/or documentation such as the Future Operating Environment remains valid.
2020-2021,Department of National Defence,Future Force Design,Joint Force Development,Defence capabilities are acquired / managed in coordination with pan-governmental polices and Innovation Agendas to meet evolving defence requirements.,Extent to which the Force Capability Plan (FCP) remains valid
2020-2021,Department of National Defence,Future Force Design,Joint Force Development,"Defence capabilities are enabled and supported by a robust, standardized enterprise architecture toolset.",Extent to which the Enterprise Architecture methods and programme are adopted across the Department of National Defence /Canadian Armed Forces
2020-2021,Department of National Defence,Future Force Design,Naval Force Development,Naval Capabilities meet Royal Canadian Navy needs,% of Royal Canadian Navy Major Capital Projects on Schedule (Major Capital Projects Schedule Variance)
2020-2021,Department of National Defence,Future Force Design,Land Force Development,Canadian Army Capability Development Initiatives are resourced,% of Capital Projects that are on schedule in accordance with Departmental timelines
2020-2021,Department of National Defence,Future Force Design,Land Force Development,Canadian Army Capability Development Initiatives are on schedule,% of Master Implementation Directive's that are on schedule
2020-2021,Department of National Defence,Future Force Design,Air and Space Force Development,Royal Canadian Air Force capability requirements are satisfied by a resourced capital project.,% of new Royal Canadian Air Force capability requirements satisfied by a resourced capital project
2020-2021,Department of National Defence,Future Force Design,Air and Space Force Development,Royal Canadian Air Force projects remain within scope.,% of Royal Canadian Air Force capital equipment projects that were within scope
2020-2021,Department of National Defence,Future Force Design,Air and Space Force Development,Royal Canadian Air Force projects remain on schedule,% of Royal Canadian Air Force capital equipment projects that were on schedule
2020-2021,Department of National Defence,Future Force Design,Air and Space Force Development,Royal Canadian Air Force projects remain on budget.,% of Royal Canadian Air Force capital equipment projects that were on budget
2020-2021,Department of National Defence,Future Force Design,Special Operations Force Development,Defence projects are in line with the overall Departmental priorities.,Project consistency with overall Departmental priorities
2020-2021,Department of National Defence,Future Force Design,Cyber and Joint Communication Information Systems (CIS) Force Development,"Cyber and Joint Communication Information Systems capital program is delivered in accordance with the Strong, Secure, Engaged timelines.",% of Cyber and Joint Communication Information Systems capital projects schedules that were within variance
2020-2021,Department of National Defence,Future Force Design,Intelligence Force Development,Canadian Forces Intelligence Command (CFINTCOM) provides Near Real-Time (NRT) support to Operations and Senior Decision makers,Joint Force effectiveness in providing near real time support to operations and senior decision makers
2020-2021,Department of National Defence,Future Force Design,"Science, Technology and Innovation",Current and future military capabilities and related areas of scientific investigation are established and fulfilled,Ratio between Science & Technology (S&T) investment aimed at 1-5 years to S&T investment aimed at longer term (6 years +)
2020-2021,Department of National Defence,Future Force Design,"Science, Technology and Innovation",A robust Canadian innovation base that can support Canada's defence and security needs is established and enabled,% of Science & Technology (S&T) investment expended on non-Department of National Defence partners.
2020-2021,Department of National Defence,Procurement of Capabilities,Maritime Equipment Acquisition,"Maritime equipment projects remain in approved scope, schedule and expenditure authority.","% of Maritime capital equipment projects that remain in approved scope, schedule and expenditure authority"
2020-2021,Department of National Defence,Procurement of Capabilities,Land Equipment Acquisition,"Land equipment projects remain in approved scope, schedule and expenditure authority.","% of Land capital equipment projects that remain in approved scope, schedule and expenditure authority"
2020-2021,Department of National Defence,Procurement of Capabilities,Aerospace Equipment Acquisition,"Aerospace capital equipment projects remain in approved scope, schedule and expenditure authority","% of Aerospace capital equipment projects that remain in approved scope, schedule and expenditure authority."
2020-2021,Department of National Defence,Procurement of Capabilities,"Defence Information Technology Systems Acquisition, Design and Delivery",Information Technology (IT) Capabilities address a capability gap or deficiency.,Degree to which projects required senior management attention
2020-2021,Department of National Defence,Procurement of Capabilities,Defence Materiel Management,Stock is available to meet forecasted demand.,% of stock that was unavailable to meet forecasted demand.
2020-2021,Department of National Defence,"Sustainable Bases, Information Technology Systems and Infrastructure",Defence Infrastructure Program Management,Infrastructure is well managed throughout its lifecycle.,% of infrastructure in suitable condition
2020-2021,Department of National Defence,"Sustainable Bases, Information Technology Systems and Infrastructure",Defence Infrastructure Program Management,Infrastructure is well managed throughout its lifecycle.,% of the total real property value that is identified as surplus
2020-2021,Department of National Defence,"Sustainable Bases, Information Technology Systems and Infrastructure",Defence Infrastructure Program Management,Infrastructure portfolio is right-sized and of the right composition.,% of infrastructure disposal executed
2020-2021,Department of National Defence,"Sustainable Bases, Information Technology Systems and Infrastructure","Defence Infrastructure Construction, Recapitalization and Investment",Infrastructure portfolio is right-sized and of the right composition.,% of recapitalization investment made
2020-2021,Department of National Defence,"Sustainable Bases, Information Technology Systems and Infrastructure","Defence Infrastructure Construction, Recapitalization and Investment",Infrastructure portfolio is right-sized and of the right composition.,% of infrastructure project on schedule
2020-2021,Department of National Defence,"Sustainable Bases, Information Technology Systems and Infrastructure","Defence Infrastructure Maintenance, Support and Operations",Infrastructure assets are available for use by the Department of National Defence/Canadian Armed Forces (DND/CAF).,% of preventative maintenance over total maintenance
2020-2021,Department of National Defence,"Sustainable Bases, Information Technology Systems and Infrastructure","Defence Infrastructure Maintenance, Support and Operations",Infrastructure assets are available for use by the Department of National Defence/Canadian Armed Forces (DND/CAF).,% of maintenance and repair investment in relation to the infrastructure portfolio value
2020-2021,Department of National Defence,"Sustainable Bases, Information Technology Systems and Infrastructure",Military Family Housing,Housing assets are suitable to the Department of National Defence and the Canadian Armed Forces needs,Degree to which Residential Housing was maintained (National average Condition Assessment)
2020-2021,Department of National Defence,"Sustainable Bases, Information Technology Systems and Infrastructure",Military Family Housing,Housing assets are suitable to the Department of National Defence and the Canadian Armed Forces needs,Number of Residential Housing Units that were assessed as being in 'Below Average' condition
2020-2021,Department of National Defence,"Sustainable Bases, Information Technology Systems and Infrastructure",Military Family Housing,Housing assets are suitable to the Department of National Defence and the Canadian Armed Forces needs,Degree to which Military Housing is suitable to meet the needs of Canadian Armed Forces personnel and their families
2020-2021,Department of National Defence,"Sustainable Bases, Information Technology Systems and Infrastructure","Defence Information Systems, Services and Programme Management","Defence Information Technology (IT) Programme and Services are prioritized, effective, affordable and based on sound investment decisions.",Degree to which new Information Management/Information Technology (IM/IT) priority requirements are resourced by the Capability Development Board (CDB) at the beginning of the fiscal year.
2020-2021,Department of National Defence,"Sustainable Bases, Information Technology Systems and Infrastructure",Environmental Sustainability and Protection,Defence carries out activities in an environmentally responsible and sustainable manner.,% of Greenhouse Gas Emissions
2020-2021,Department of National Defence,"Sustainable Bases, Information Technology Systems and Infrastructure",Environmental Sustainability and Protection,Defence carries out activities in an environmentally responsible and sustainable manner.,% of Hybrid and Electric Vehicles
2020-2021,Department of National Defence,"Sustainable Bases, Information Technology Systems and Infrastructure",Environmental Sustainability and Protection,Defence carries out activities in an environmentally responsible and sustainable manner.,% of reduction in contaminated sites liability
2020-2021,Department of National Defence,"Sustainable Bases, Information Technology Systems and Infrastructure",Indigenous Affairs,Aboriginal rights and indigenous culture are respected during the conduct of defence activities,% of proposal assessments for Treaty implications
2020-2021,Department of National Defence,"Sustainable Bases, Information Technology Systems and Infrastructure",Naval Bases,"Naval Bases support Naval force elements required Readiness Level and provide services to integral units, lodger units and dependencies",% of Naval Bases staffing establishment filled
2020-2021,Department of National Defence,"Sustainable Bases, Information Technology Systems and Infrastructure",Naval Bases,"Naval Bases support Naval force elements required Readiness Level and provide services to integral units, lodger units and dependencies",Status of Services Provided by Naval Bases
2020-2021,Department of National Defence,"Sustainable Bases, Information Technology Systems and Infrastructure",Land Bases,"Land Bases provide services to integral units, lodger units and dependencies",Status of Services at Land Bases
2020-2021,Department of National Defence,"Sustainable Bases, Information Technology Systems and Infrastructure",Air and Space Wings,Air and Space Wings enable continuous training and operations,Status of Services provided by Air and Space Wings
2020-2021,Department of National Defence,"Sustainable Bases, Information Technology Systems and Infrastructure",Air and Space Wings,Air and Space wings are well resourced,Staffing Levels at Air and Space Wings
2020-2021,Department of National Defence,"Sustainable Bases, Information Technology Systems and Infrastructure","Joint, Common and International Bases","Joint, Common and International Bases provide services to integral units, lodger units and dependencies.","Status of Services provided by Joint, Common and International Bases."
2020-2021,Department of National Defence,"Sustainable Bases, Information Technology Systems and Infrastructure",Military Police Institutional Operations,Crimes investigations are completed by Military Police,Military Police clearance rates for reported crimes investigated
2020-2021,Department of National Defence,"Sustainable Bases, Information Technology Systems and Infrastructure",Safety,"The Defence Team works safely, striving to limit the total number of hazardous occurrences and more particularly to limit the number of hazardous occurrences that result in compensation payments.",Number of Hazardous Occurrences
