CSDUID,CSD,Period,IndicatorSummaryDescription,UnitOfMeasure,OriginalValue
4805026,Drumheller,2003,Natural Gas Reserves,m3
4805026,Drumheller,2004,Natural Gas Reserves,m3
4805026,Drumheller,2005,Natural Gas Reserves,m3
4805026,Drumheller,2006,Natural Gas Reserves,m3
4805026,Drumheller,2007,Natural Gas Reserves,m3
4805026,Drumheller,2011,Natural Gas Reserves,m3,675.84000
4805026,Drumheller,2012,Natural Gas Reserves,m3,652.58000
4805026,Drumheller,2013,Natural Gas Reserves,m3,701.17000
4805026,Drumheller,2014,Natural Gas Reserves,m3,457.52000
4805026,Drumheller,2015,Natural Gas Reserves,m3,795.49000
4805026,Drumheller,2016,Natural Gas Reserves,m3,790.20000
4805026,Drumheller,2017,Natural Gas Reserves,m3,887.05000
4805026,Drumheller,2018,Natural Gas Reserves,m3,790.98000
4805026,Drumheller,2019,Natural Gas Reserves,m3,743.38000
4805026,Drumheller,2020,Natural Gas Reserves,m3,753.96000
4805026,Drumheller,2021,Natural Gas Reserves,m3,639.17000
4805026,Drumheller,2022,Natural Gas Reserves,m3,605.69000
4805031,Starland County,2022,Natural Gas Reserves,m3,4346.95000
4805031,Starland County,2003,Natural Gas Reserves,m3
4805031,Starland County,2004,Natural Gas Reserves,m3
4805031,Starland County,2005,Natural Gas Reserves,m3
4805031,Starland County,2006,Natural Gas Reserves,m3
4805031,Starland County,2007,Natural Gas Reserves,m3
4805031,Starland County,2011,Natural Gas Reserves,m3,7224.24000
4805031,Starland County,2012,Natural Gas Reserves,m3,7250.14000
4805031,Starland County,2013,Natural Gas Reserves,m3,6703.35000
4805031,Starland County,2014,Natural Gas Reserves,m3,5422.83000
4805031,Starland County,2015,Natural Gas Reserves,m3,6735.94000
4805031,Starland County,2016,Natural Gas Reserves,m3,6480.55000
4805031,Starland County,2017,Natural Gas Reserves,m3,6143.92000
4805031,Starland County,2018,Natural Gas Reserves,m3,5516.11000
4805031,Starland County,2019,Natural Gas Reserves,m3,5183.31000
4805031,Starland County,2020,Natural Gas Reserves,m3,4911.24000
4805031,Starland County,2021,Natural Gas Reserves,m3,4483.59000
4805041,Kneehill County,2003,Natural Gas Reserves,m3
4805041,Kneehill County,2004,Natural Gas Reserves,m3
4805041,Kneehill County,2005,Natural Gas Reserves,m3
4805041,Kneehill County,2006,Natural Gas Reserves,m3
4805041,Kneehill County,2007,Natural Gas Reserves,m3
4805041,Kneehill County,2011,Natural Gas Reserves,m3,13515.12000
4805041,Kneehill County,2012,Natural Gas Reserves,m3,13832.50000
4805041,Kneehill County,2013,Natural Gas Reserves,m3,14387.58000
4805041,Kneehill County,2014,Natural Gas Reserves,m3,11862.49000
4805041,Kneehill County,2015,Natural Gas Reserves,m3,14262.55000
4805041,Kneehill County,2016,Natural Gas Reserves,m3,13881.34000
4805041,Kneehill County,2017,Natural Gas Reserves,m3,13319.97000
4805041,Kneehill County,2018,Natural Gas Reserves,m3,14375.73000
4805041,Kneehill County,2019,Natural Gas Reserves,m3,14590.45000
4805041,Kneehill County,2020,Natural Gas Reserves,m3,13997.71000
4805041,Kneehill County,2021,Natural Gas Reserves,m3,12855.87000
4805041,Kneehill County,2022,Natural Gas Reserves,m3,12270.04000
4802001,Warner County No. 5,2022,Natural Gas Reserves,m3,479.37000
4802001,Warner County No. 5,2003,Natural Gas Reserves,m3
4802001,Warner County No. 5,2004,Natural Gas Reserves,m3
4802001,Warner County No. 5,2005,Natural Gas Reserves,m3
4802001,Warner County No. 5,2006,Natural Gas Reserves,m3
4802001,Warner County No. 5,2007,Natural Gas Reserves,m3
4802001,Warner County No. 5,2011,Natural Gas Reserves,m3,818.24000
4802001,Warner County No. 5,2012,Natural Gas Reserves,m3,755.63000
4802001,Warner County No. 5,2013,Natural Gas Reserves,m3,749.18000
4802001,Warner County No. 5,2014,Natural Gas Reserves,m3,1991.94000
4802001,Warner County No. 5,2015,Natural Gas Reserves,m3,1933.02000
4802001,Warner County No. 5,2016,Natural Gas Reserves,m3,908.83000
4802001,Warner County No. 5,2017,Natural Gas Reserves,m3,807.84000
4802001,Warner County No. 5,2018,Natural Gas Reserves,m3,804.53000
4802001,Warner County No. 5,2019,Natural Gas Reserves,m3,651.24000
4802001,Warner County No. 5,2020,Natural Gas Reserves,m3,602.89000
4802001,Warner County No. 5,2021,Natural Gas Reserves,m3,553.20000
4807049,Wainwright No. 61,2003,Natural Gas Reserves,m3
4807049,Wainwright No. 61,2004,Natural Gas Reserves,m3
4807049,Wainwright No. 61,2005,Natural Gas Reserves,m3
4807049,Wainwright No. 61,2006,Natural Gas Reserves,m3
4807049,Wainwright No. 61,2007,Natural Gas Reserves,m3
4807049,Wainwright No. 61,2011,Natural Gas Reserves,m3,3892.90000
4807049,Wainwright No. 61,2012,Natural Gas Reserves,m3,3788.99000
4807049,Wainwright No. 61,2013,Natural Gas Reserves,m3,3401.09000
4807049,Wainwright No. 61,2014,Natural Gas Reserves,m3,3173.96000
4807049,Wainwright No. 61,2015,Natural Gas Reserves,m3,2972.30000
4807049,Wainwright No. 61,2016,Natural Gas Reserves,m3,2660.49000
4807049,Wainwright No. 61,2017,Natural Gas Reserves,m3,1908.42000
4807049,Wainwright No. 61,2018,Natural Gas Reserves,m3,1898.09000
4807049,Wainwright No. 61,2019,Natural Gas Reserves,m3,2377.19000
4807049,Wainwright No. 61,2020,Natural Gas Reserves,m3,2323.80000
4807049,Wainwright No. 61,2021,Natural Gas Reserves,m3,2135.11000
4807049,Wainwright No. 61,2022,Natural Gas Reserves,m3,2365.45000
4808001,Red Deer County,2022,Natural Gas Reserves,m3,8311.59000
4808001,Red Deer County,2003,Natural Gas Reserves,m3
4808001,Red Deer County,2004,Natural Gas Reserves,m3
4808001,Red Deer County,2005,Natural Gas Reserves,m3
4808001,Red Deer County,2006,Natural Gas Reserves,m3
4808001,Red Deer County,2007,Natural Gas Reserves,m3
4808001,Red Deer County,2011,Natural Gas Reserves,m3,12673.76000
4808001,Red Deer County,2012,Natural Gas Reserves,m3,11726.67000
4808001,Red Deer County,2013,Natural Gas Reserves,m3,11325.80000
4808001,Red Deer County,2014,Natural Gas Reserves,m3,10440.00000
4808001,Red Deer County,2015,Natural Gas Reserves,m3,10805.21000
4808001,Red Deer County,2016,Natural Gas Reserves,m3,9963.77000
4808001,Red Deer County,2017,Natural Gas Reserves,m3,10166.56000
4808001,Red Deer County,2018,Natural Gas Reserves,m3,10056.24000
4808001,Red Deer County,2019,Natural Gas Reserves,m3,10757.79000
4808001,Red Deer County,2020,Natural Gas Reserves,m3,9598.96000
4808001,Red Deer County,2021,Natural Gas Reserves,m3,8720.37000
4805012,Wheatland County,2003,Natural Gas Reserves,m3
4805012,Wheatland County,2004,Natural Gas Reserves,m3
4805012,Wheatland County,2005,Natural Gas Reserves,m3
4805012,Wheatland County,2006,Natural Gas Reserves,m3
4805012,Wheatland County,2007,Natural Gas Reserves,m3
4805012,Wheatland County,2011,Natural Gas Reserves,m3,28269.05000
4805012,Wheatland County,2012,Natural Gas Reserves,m3,28021.40000
4805012,Wheatland County,2013,Natural Gas Reserves,m3,28712.88000
4805012,Wheatland County,2014,Natural Gas Reserves,m3,24308.56000
4805012,Wheatland County,2015,Natural Gas Reserves,m3,23959.82000
4805012,Wheatland County,2016,Natural Gas Reserves,m3,22884.01000
4805012,Wheatland County,2017,Natural Gas Reserves,m3,21921.21000
4805012,Wheatland County,2018,Natural Gas Reserves,m3,21041.71000
4805012,Wheatland County,2019,Natural Gas Reserves,m3,20370.28000
4805012,Wheatland County,2020,Natural Gas Reserves,m3,21500.36000
4805012,Wheatland County,2021,Natural Gas Reserves,m3,20800.83000
4805012,Wheatland County,2022,Natural Gas Reserves,m3,20226.80000
4807019,Stettler County No. 6,2022,Natural Gas Reserves,m3,4873.70000
4807019,Stettler County No. 6,2003,Natural Gas Reserves,m3
4807019,Stettler County No. 6,2004,Natural Gas Reserves,m3
4807019,Stettler County No. 6,2005,Natural Gas Reserves,m3
4807019,Stettler County No. 6,2006,Natural Gas Reserves,m3
4807019,Stettler County No. 6,2007,Natural Gas Reserves,m3
4807019,Stettler County No. 6,2011,Natural Gas Reserves,m3,8948.05000
4807019,Stettler County No. 6,2012,Natural Gas Reserves,m3,8561.42000
4807019,Stettler County No. 6,2013,Natural Gas Reserves,m3,8166.27000
4807019,Stettler County No. 6,2014,Natural Gas Reserves,m3,7945.71000
4807019,Stettler County No. 6,2015,Natural Gas Reserves,m3,7477.94000
4807019,Stettler County No. 6,2016,Natural Gas Reserves,m3,6957.82000
4807019,Stettler County No. 6,2017,Natural Gas Reserves,m3,6272.32000
4807019,Stettler County No. 6,2018,Natural Gas Reserves,m3,6295.05000
4807019,Stettler County No. 6,2019,Natural Gas Reserves,m3,5661.21000
4807019,Stettler County No. 6,2020,Natural Gas Reserves,m3,5513.83000
4807019,Stettler County No. 6,2021,Natural Gas Reserves,m3,5137.68000
4808022,Lacombe County,2003,Natural Gas Reserves,m3
4808022,Lacombe County,2004,Natural Gas Reserves,m3
4808022,Lacombe County,2005,Natural Gas Reserves,m3
4808022,Lacombe County,2006,Natural Gas Reserves,m3
4808022,Lacombe County,2007,Natural Gas Reserves,m3
4808022,Lacombe County,2011,Natural Gas Reserves,m3,11452.39000
4808022,Lacombe County,2012,Natural Gas Reserves,m3,9820.08000
4808022,Lacombe County,2013,Natural Gas Reserves,m3,9005.88000
4808022,Lacombe County,2014,Natural Gas Reserves,m3,9877.08000
4808022,Lacombe County,2015,Natural Gas Reserves,m3,9379.51000
4808022,Lacombe County,2016,Natural Gas Reserves,m3,8536.66000
4808022,Lacombe County,2017,Natural Gas Reserves,m3,10410.11000
4808022,Lacombe County,2018,Natural Gas Reserves,m3,10738.72000
4808022,Lacombe County,2019,Natural Gas Reserves,m3,10505.29000
4808022,Lacombe County,2020,Natural Gas Reserves,m3,10251.19000
4808022,Lacombe County,2021,Natural Gas Reserves,m3,9259.20000
4808022,Lacombe County,2022,Natural Gas Reserves,m3,9370.03000
4807031,Flagstaff County,2022,Natural Gas Reserves,m3,1373.38000
4807031,Flagstaff County,2003,Natural Gas Reserves,m3
4807031,Flagstaff County,2004,Natural Gas Reserves,m3
4807031,Flagstaff County,2005,Natural Gas Reserves,m3
4807031,Flagstaff County,2006,Natural Gas Reserves,m3
4807031,Flagstaff County,2007,Natural Gas Reserves,m3
4807031,Flagstaff County,2011,Natural Gas Reserves,m3,3228.50000
4807031,Flagstaff County,2012,Natural Gas Reserves,m3,3095.69000
4807031,Flagstaff County,2013,Natural Gas Reserves,m3,2950.40000
4807031,Flagstaff County,2014,Natural Gas Reserves,m3,2771.26000
4807031,Flagstaff County,2015,Natural Gas Reserves,m3,2823.21000
4807031,Flagstaff County,2016,Natural Gas Reserves,m3,2626.15000
4807031,Flagstaff County,2017,Natural Gas Reserves,m3,1299.69000
4807031,Flagstaff County,2018,Natural Gas Reserves,m3,1316.16000
4807031,Flagstaff County,2019,Natural Gas Reserves,m3,1548.98000
4807031,Flagstaff County,2020,Natural Gas Reserves,m3,1472.13000
4807031,Flagstaff County,2021,Natural Gas Reserves,m3,1435.29000
4807011,Paintearth County No. 18,2003,Natural Gas Reserves,m3
4807011,Paintearth County No. 18,2004,Natural Gas Reserves,m3
4807011,Paintearth County No. 18,2005,Natural Gas Reserves,m3
4807011,Paintearth County No. 18,2006,Natural Gas Reserves,m3
4807011,Paintearth County No. 18,2007,Natural Gas Reserves,m3
4807011,Paintearth County No. 18,2011,Natural Gas Reserves,m3,2975.76000
4807011,Paintearth County No. 18,2012,Natural Gas Reserves,m3,2788.59000
4807011,Paintearth County No. 18,2013,Natural Gas Reserves,m3,2667.13000
4807011,Paintearth County No. 18,2014,Natural Gas Reserves,m3,2371.46000
4807011,Paintearth County No. 18,2015,Natural Gas Reserves,m3,3385.00000
4807011,Paintearth County No. 18,2016,Natural Gas Reserves,m3,3161.34000
4807011,Paintearth County No. 18,2017,Natural Gas Reserves,m3,1495.11000
4807011,Paintearth County No. 18,2018,Natural Gas Reserves,m3,1498.00000
4807011,Paintearth County No. 18,2019,Natural Gas Reserves,m3,2327.32000
4807011,Paintearth County No. 18,2020,Natural Gas Reserves,m3,2212.28000
4807011,Paintearth County No. 18,2021,Natural Gas Reserves,m3,2068.80000
4807011,Paintearth County No. 18,2022,Natural Gas Reserves,m3,1944.80000
4810001,Camrose County,2022,Natural Gas Reserves,m3,3328.62000
4810001,Camrose County,2003,Natural Gas Reserves,m3
4810001,Camrose County,2004,Natural Gas Reserves,m3
4810001,Camrose County,2005,Natural Gas Reserves,m3
4810001,Camrose County,2006,Natural Gas Reserves,m3
4810001,Camrose County,2007,Natural Gas Reserves,m3
4810001,Camrose County,2011,Natural Gas Reserves,m3,5136.18000
4810001,Camrose County,2012,Natural Gas Reserves,m3,4634.27000
4810001,Camrose County,2013,Natural Gas Reserves,m3,4538.37000
4810001,Camrose County,2014,Natural Gas Reserves,m3,4206.73000
4810001,Camrose County,2015,Natural Gas Reserves,m3,4097.78000
4810001,Camrose County,2016,Natural Gas Reserves,m3,3812.12000
4810001,Camrose County,2017,Natural Gas Reserves,m3,3654.54000
4810001,Camrose County,2018,Natural Gas Reserves,m3,3450.10000
4810001,Camrose County,2019,Natural Gas Reserves,m3,3432.13000
4810001,Camrose County,2020,Natural Gas Reserves,m3,3427.16000
4810001,Camrose County,2021,Natural Gas Reserves,m3,3419.02000
4811056,Fort Saskatchewan,2003,Natural Gas Reserves,m3
4811056,Fort Saskatchewan,2004,Natural Gas Reserves,m3
4811056,Fort Saskatchewan,2005,Natural Gas Reserves,m3
4811056,Fort Saskatchewan,2006,Natural Gas Reserves,m3
4811056,Fort Saskatchewan,2007,Natural Gas Reserves,m3
4811056,Fort Saskatchewan,2011,Natural Gas Reserves,m3,10.32000
4811056,Fort Saskatchewan,2012,Natural Gas Reserves,m3,3.44000
4811056,Fort Saskatchewan,2013,Natural Gas Reserves,m3,2.61000
4811056,Fort Saskatchewan,2014,Natural Gas Reserves,m3,2.29000
4811056,Fort Saskatchewan,2015,Natural Gas Reserves,m3,1.89000
4811056,Fort Saskatchewan,2016,Natural Gas Reserves,m3,1.43000
4811056,Fort Saskatchewan,2017,Natural Gas Reserves,m3,4.34000
4811056,Fort Saskatchewan,2018,Natural Gas Reserves,m3,4.33000
4811056,Fort Saskatchewan,2019,Natural Gas Reserves,m3,3.83000
4811056,Fort Saskatchewan,2020,Natural Gas Reserves,m3,3.64000
4811056,Fort Saskatchewan,2021,Natural Gas Reserves,m3,3.50000
4811056,Fort Saskatchewan,2022,Natural Gas Reserves,m3,3.36000
4811061,Edmonton,2022,Natural Gas Reserves,m3,25.47000
4811061,Edmonton,2003,Natural Gas Reserves,m3
4811061,Edmonton,2004,Natural Gas Reserves,m3
4811061,Edmonton,2005,Natural Gas Reserves,m3
4811061,Edmonton,2006,Natural Gas Reserves,m3
4811061,Edmonton,2007,Natural Gas Reserves,m3
4811061,Edmonton,2011,Natural Gas Reserves,m3,165.52000
4811061,Edmonton,2012,Natural Gas Reserves,m3,308.35000
4811061,Edmonton,2013,Natural Gas Reserves,m3,307.93000
4811061,Edmonton,2014,Natural Gas Reserves,m3,62.96000
4811061,Edmonton,2015,Natural Gas Reserves,m3,62.84000
4811061,Edmonton,2016,Natural Gas Reserves,m3,52.83000
4811061,Edmonton,2017,Natural Gas Reserves,m3,44.06000
4811061,Edmonton,2018,Natural Gas Reserves,m3,44.00000
4811061,Edmonton,2019,Natural Gas Reserves,m3,5.17000
4811061,Edmonton,2020,Natural Gas Reserves,m3,26.46000
4811061,Edmonton,2021,Natural Gas Reserves,m3,25.47000
4803001,Cardston County,2003,Natural Gas Reserves,m3
4803001,Cardston County,2004,Natural Gas Reserves,m3
4803001,Cardston County,2005,Natural Gas Reserves,m3
4803001,Cardston County,2006,Natural Gas Reserves,m3
4803001,Cardston County,2007,Natural Gas Reserves,m3
4803001,Cardston County,2011,Natural Gas Reserves,m3,577.67000
4803001,Cardston County,2012,Natural Gas Reserves,m3,529.17000
4803001,Cardston County,2013,Natural Gas Reserves,m3,516.84000
4803001,Cardston County,2014,Natural Gas Reserves,m3,570.32000
4803001,Cardston County,2015,Natural Gas Reserves,m3,836.76000
4803001,Cardston County,2016,Natural Gas Reserves,m3,771.68000
4803001,Cardston County,2017,Natural Gas Reserves,m3,784.55000
4803001,Cardston County,2018,Natural Gas Reserves,m3,773.66000
4803001,Cardston County,2019,Natural Gas Reserves,m3,703.34000
4803001,Cardston County,2020,Natural Gas Reserves,m3,686.08000
4803001,Cardston County,2021,Natural Gas Reserves,m3,609.28000
4803001,Cardston County,2022,Natural Gas Reserves,m3,580.87000
4803003,Improvement District No.  4 Waterton,2022,Natural Gas Reserves,m3,95.73000
4803003,Improvement District No.  4 Waterton,2003,Natural Gas Reserves,m3
4803003,Improvement District No.  4 Waterton,2004,Natural Gas Reserves,m3
4803003,Improvement District No.  4 Waterton,2005,Natural Gas Reserves,m3
4803003,Improvement District No.  4 Waterton,2006,Natural Gas Reserves,m3
4803003,Improvement District No.  4 Waterton,2007,Natural Gas Reserves,m3
4803003,Improvement District No.  4 Waterton,2012,Natural Gas Reserves,m3
4803003,Improvement District No.  4 Waterton,2014,Natural Gas Reserves,m3,6.50000
4803003,Improvement District No.  4 Waterton,2015,Natural Gas Reserves,m3,161.02000
4803003,Improvement District No.  4 Waterton,2016,Natural Gas Reserves,m3,149.43000
4803003,Improvement District No.  4 Waterton,2017,Natural Gas Reserves,m3,128.51000
4803003,Improvement District No.  4 Waterton,2018,Natural Gas Reserves,m3,139.89000
4803003,Improvement District No.  4 Waterton,2019,Natural Gas Reserves,m3,121.21000
4803003,Improvement District No.  4 Waterton,2020,Natural Gas Reserves,m3,112.43000
4803003,Improvement District No.  4 Waterton,2021,Natural Gas Reserves,m3,104.21000
4802031,Newell County,2003,Natural Gas Reserves,m3
4802031,Newell County,2004,Natural Gas Reserves,m3
4802031,Newell County,2005,Natural Gas Reserves,m3
4802031,Newell County,2006,Natural Gas Reserves,m3
4802031,Newell County,2007,Natural Gas Reserves,m3
4802031,Newell County,2011,Natural Gas Reserves,m3,78000.91000
4802031,Newell County,2012,Natural Gas Reserves,m3,80769.23000
4802031,Newell County,2013,Natural Gas Reserves,m3,69310.76000
4802031,Newell County,2014,Natural Gas Reserves,m3,67930.91000
4802031,Newell County,2015,Natural Gas Reserves,m3,68481.45000
4802031,Newell County,2016,Natural Gas Reserves,m3,64817.89000
4802031,Newell County,2017,Natural Gas Reserves,m3,56863.50000
4802031,Newell County,2018,Natural Gas Reserves,m3,57878.63000
4802031,Newell County,2019,Natural Gas Reserves,m3,56235.40000
4802031,Newell County,2020,Natural Gas Reserves,m3,54272.08000
4802031,Newell County,2021,Natural Gas Reserves,m3,52098.59000
4802031,Newell County,2022,Natural Gas Reserves,m3,49884.85000
4808038,Ponoka County,2022,Natural Gas Reserves,m3,9709.39000
4808038,Ponoka County,2003,Natural Gas Reserves,m3
4808038,Ponoka County,2004,Natural Gas Reserves,m3
4808038,Ponoka County,2005,Natural Gas Reserves,m3
4808038,Ponoka County,2006,Natural Gas Reserves,m3
4808038,Ponoka County,2007,Natural Gas Reserves,m3
4808038,Ponoka County,2011,Natural Gas Reserves,m3,16346.58000
4808038,Ponoka County,2012,Natural Gas Reserves,m3,14965.38000
4808038,Ponoka County,2013,Natural Gas Reserves,m3,13592.60000
4808038,Ponoka County,2014,Natural Gas Reserves,m3,13754.85000
4808038,Ponoka County,2015,Natural Gas Reserves,m3,9093.19000
4808038,Ponoka County,2016,Natural Gas Reserves,m3,10297.16000
4808038,Ponoka County,2017,Natural Gas Reserves,m3,10957.37000
4808038,Ponoka County,2018,Natural Gas Reserves,m3,10823.60000
4808038,Ponoka County,2019,Natural Gas Reserves,m3,10637.78000
4808038,Ponoka County,2020,Natural Gas Reserves,m3,10854.10000
4808038,Ponoka County,2021,Natural Gas Reserves,m3,10187.69000
4812037,Lac la Biche County,2003,Natural Gas Reserves,m3
4812037,Lac la Biche County,2004,Natural Gas Reserves,m3
4812037,Lac la Biche County,2005,Natural Gas Reserves,m3
4812037,Lac la Biche County,2006,Natural Gas Reserves,m3
4812037,Lac la Biche County,2007,Natural Gas Reserves,m3
4812037,Lac la Biche County,2011,Natural Gas Reserves,m3,14859.79000
4812037,Lac la Biche County,2012,Natural Gas Reserves,m3,13609.69000
4812037,Lac la Biche County,2013,Natural Gas Reserves,m3,13159.87000
4812037,Lac la Biche County,2014,Natural Gas Reserves,m3,12346.76000
4812037,Lac la Biche County,2015,Natural Gas Reserves,m3,11959.29000
4812037,Lac la Biche County,2016,Natural Gas Reserves,m3,11330.65000
4812037,Lac la Biche County,2017,Natural Gas Reserves,m3,9955.14000
4812037,Lac la Biche County,2018,Natural Gas Reserves,m3,9928.57000
4812037,Lac la Biche County,2019,Natural Gas Reserves,m3,9301.90000
4812037,Lac la Biche County,2020,Natural Gas Reserves,m3,9104.50000
4812037,Lac la Biche County,2021,Natural Gas Reserves,m3,8571.58000
4812037,Lac la Biche County,2022,Natural Gas Reserves,m3,8615.27000
4809002,Clearwater County,2022,Natural Gas Reserves,m3,46551.37000
4809002,Clearwater County,2003,Natural Gas Reserves,m3
4809002,Clearwater County,2004,Natural Gas Reserves,m3
4809002,Clearwater County,2005,Natural Gas Reserves,m3
4809002,Clearwater County,2006,Natural Gas Reserves,m3
4809002,Clearwater County,2007,Natural Gas Reserves,m3
4809002,Clearwater County,2011,Natural Gas Reserves,m3,57258.65000
4809002,Clearwater County,2012,Natural Gas Reserves,m3,56319.23000
4809002,Clearwater County,2013,Natural Gas Reserves,m3,55628.75000
4809002,Clearwater County,2014,Natural Gas Reserves,m3,53583.40000
4809002,Clearwater County,2015,Natural Gas Reserves,m3,56478.44000
4809002,Clearwater County,2016,Natural Gas Reserves,m3,49172.09000
4809002,Clearwater County,2017,Natural Gas Reserves,m3,61606.97000
4809002,Clearwater County,2018,Natural Gas Reserves,m3,61602.01000
4809002,Clearwater County,2019,Natural Gas Reserves,m3,53998.47000
4809002,Clearwater County,2020,Natural Gas Reserves,m3,49324.75000
4809002,Clearwater County,2021,Natural Gas Reserves,m3,47662.74000
4810026,Minburn County No. 27,2003,Natural Gas Reserves,m3
4810026,Minburn County No. 27,2004,Natural Gas Reserves,m3
4810026,Minburn County No. 27,2005,Natural Gas Reserves,m3
4810026,Minburn County No. 27,2006,Natural Gas Reserves,m3
4810026,Minburn County No. 27,2007,Natural Gas Reserves,m3
4810026,Minburn County No. 27,2011,Natural Gas Reserves,m3,3798.67000
4810026,Minburn County No. 27,2012,Natural Gas Reserves,m3,3774.41000
4810026,Minburn County No. 27,2013,Natural Gas Reserves,m3,3173.97000
4810026,Minburn County No. 27,2014,Natural Gas Reserves,m3,2923.20000
4810026,Minburn County No. 27,2015,Natural Gas Reserves,m3,2879.15000
4810026,Minburn County No. 27,2016,Natural Gas Reserves,m3,2657.60000
4810026,Minburn County No. 27,2017,Natural Gas Reserves,m3,1747.94000
4810026,Minburn County No. 27,2018,Natural Gas Reserves,m3,1748.42000
4810026,Minburn County No. 27,2019,Natural Gas Reserves,m3,1801.73000
4810026,Minburn County No. 27,2020,Natural Gas Reserves,m3,1700.70000
4810026,Minburn County No. 27,2021,Natural Gas Reserves,m3,1331.76000
4810026,Minburn County No. 27,2022,Natural Gas Reserves,m3,1350.88000
4813028,Westlock County,2022,Natural Gas Reserves,m3,590.75000
4813028,Westlock County,2003,Natural Gas Reserves,m3
4813028,Westlock County,2004,Natural Gas Reserves,m3
4813028,Westlock County,2005,Natural Gas Reserves,m3
4813028,Westlock County,2006,Natural Gas Reserves,m3
4813028,Westlock County,2007,Natural Gas Reserves,m3
4813028,Westlock County,2011,Natural Gas Reserves,m3,1892.36000
4813028,Westlock County,2012,Natural Gas Reserves,m3,1572.27000
4813028,Westlock County,2013,Natural Gas Reserves,m3,1379.26000
4813028,Westlock County,2014,Natural Gas Reserves,m3,1281.11000
4813028,Westlock County,2015,Natural Gas Reserves,m3,1247.19000
4813028,Westlock County,2016,Natural Gas Reserves,m3,1199.72000
4813028,Westlock County,2017,Natural Gas Reserves,m3,748.44000
4813028,Westlock County,2018,Natural Gas Reserves,m3,748.81000
4813028,Westlock County,2019,Natural Gas Reserves,m3,632.33000
4813028,Westlock County,2020,Natural Gas Reserves,m3,660.28000
4813028,Westlock County,2021,Natural Gas Reserves,m3,596.04000
4813029,Woodlands County,2003,Natural Gas Reserves,m3
4813029,Woodlands County,2004,Natural Gas Reserves,m3
4813029,Woodlands County,2005,Natural Gas Reserves,m3
4813029,Woodlands County,2006,Natural Gas Reserves,m3
4813029,Woodlands County,2007,Natural Gas Reserves,m3
4813029,Woodlands County,2011,Natural Gas Reserves,m3,11463.12000
4813029,Woodlands County,2012,Natural Gas Reserves,m3,11046.96000
4813029,Woodlands County,2013,Natural Gas Reserves,m3,9564.91000
4813029,Woodlands County,2014,Natural Gas Reserves,m3,9124.87000
4813029,Woodlands County,2015,Natural Gas Reserves,m3,9103.15000
4813029,Woodlands County,2016,Natural Gas Reserves,m3,8552.14000
4813029,Woodlands County,2017,Natural Gas Reserves,m3,8206.94000
4813029,Woodlands County,2018,Natural Gas Reserves,m3,8283.94000
4813029,Woodlands County,2019,Natural Gas Reserves,m3,7682.72000
4813029,Woodlands County,2020,Natural Gas Reserves,m3,7378.97000
4813029,Woodlands County,2021,Natural Gas Reserves,m3,6885.36000
4813029,Woodlands County,2022,Natural Gas Reserves,m3,6584.10000
4813018,Barrhead County No. 11,2022,Natural Gas Reserves,m3,501.54000
4813018,Barrhead County No. 11,2003,Natural Gas Reserves,m3
4813018,Barrhead County No. 11,2004,Natural Gas Reserves,m3
4813018,Barrhead County No. 11,2005,Natural Gas Reserves,m3
4813018,Barrhead County No. 11,2006,Natural Gas Reserves,m3
4813018,Barrhead County No. 11,2007,Natural Gas Reserves,m3
4813018,Barrhead County No. 11,2011,Natural Gas Reserves,m3,1346.15000
4813018,Barrhead County No. 11,2012,Natural Gas Reserves,m3,1114.68000
4813018,Barrhead County No. 11,2013,Natural Gas Reserves,m3,973.32000
4813018,Barrhead County No. 11,2014,Natural Gas Reserves,m3,984.81000
4813018,Barrhead County No. 11,2015,Natural Gas Reserves,m3,918.31000
4813018,Barrhead County No. 11,2016,Natural Gas Reserves,m3,904.95000
4813018,Barrhead County No. 11,2017,Natural Gas Reserves,m3,656.69000
4813018,Barrhead County No. 11,2018,Natural Gas Reserves,m3,656.73000
4813018,Barrhead County No. 11,2019,Natural Gas Reserves,m3,568.98000
4813018,Barrhead County No. 11,2020,Natural Gas Reserves,m3,530.75000
4813018,Barrhead County No. 11,2021,Natural Gas Reserves,m3,511.51000
4810016,Beaver County,2003,Natural Gas Reserves,m3
4810016,Beaver County,2004,Natural Gas Reserves,m3
4810016,Beaver County,2005,Natural Gas Reserves,m3
4810016,Beaver County,2006,Natural Gas Reserves,m3
4810016,Beaver County,2007,Natural Gas Reserves,m3
4810016,Beaver County,2011,Natural Gas Reserves,m3,3664.58000
4810016,Beaver County,2012,Natural Gas Reserves,m3,3532.98000
4810016,Beaver County,2013,Natural Gas Reserves,m3,3368.10000
4810016,Beaver County,2014,Natural Gas Reserves,m3,3011.39000
4810016,Beaver County,2015,Natural Gas Reserves,m3,2710.79000
4810016,Beaver County,2016,Natural Gas Reserves,m3,2471.47000
4810016,Beaver County,2017,Natural Gas Reserves,m3,1404.25000
4810016,Beaver County,2018,Natural Gas Reserves,m3,1434.04000
4810016,Beaver County,2019,Natural Gas Reserves,m3,1869.50000
4810016,Beaver County,2020,Natural Gas Reserves,m3,1705.89000
4810016,Beaver County,2021,Natural Gas Reserves,m3,1539.94000
4810016,Beaver County,2022,Natural Gas Reserves,m3,1494.98000
4801008,Forty Mile County No. 8,2022,Natural Gas Reserves,m3,2898.04000
4801008,Forty Mile County No. 8,2003,Natural Gas Reserves,m3
4801008,Forty Mile County No. 8,2004,Natural Gas Reserves,m3
4801008,Forty Mile County No. 8,2005,Natural Gas Reserves,m3
4801008,Forty Mile County No. 8,2006,Natural Gas Reserves,m3
4801008,Forty Mile County No. 8,2007,Natural Gas Reserves,m3
4801008,Forty Mile County No. 8,2011,Natural Gas Reserves,m3,4012.52000
4801008,Forty Mile County No. 8,2012,Natural Gas Reserves,m3,3898.78000
4801008,Forty Mile County No. 8,2013,Natural Gas Reserves,m3,3811.74000
4801008,Forty Mile County No. 8,2014,Natural Gas Reserves,m3,4362.33000
4801008,Forty Mile County No. 8,2015,Natural Gas Reserves,m3,4147.79000
4801008,Forty Mile County No. 8,2016,Natural Gas Reserves,m3,3862.63000
4801008,Forty Mile County No. 8,2017,Natural Gas Reserves,m3,2791.80000
4801008,Forty Mile County No. 8,2018,Natural Gas Reserves,m3,3537.26000
4801008,Forty Mile County No. 8,2019,Natural Gas Reserves,m3,3293.21000
4801008,Forty Mile County No. 8,2020,Natural Gas Reserves,m3,3137.38000
4801008,Forty Mile County No. 8,2021,Natural Gas Reserves,m3,2997.74000
4801003,Cypress County,2003,Natural Gas Reserves,m3
4801003,Cypress County,2004,Natural Gas Reserves,m3
4801003,Cypress County,2005,Natural Gas Reserves,m3
4801003,Cypress County,2006,Natural Gas Reserves,m3
4801003,Cypress County,2007,Natural Gas Reserves,m3
4801003,Cypress County,2011,Natural Gas Reserves,m3,69257.61000
4801003,Cypress County,2012,Natural Gas Reserves,m3,65325.01000
4801003,Cypress County,2013,Natural Gas Reserves,m3,54678.91000
4801003,Cypress County,2014,Natural Gas Reserves,m3,58908.61000
4801003,Cypress County,2015,Natural Gas Reserves,m3,56309.50000
4801003,Cypress County,2016,Natural Gas Reserves,m3,53418.02000
4801003,Cypress County,2017,Natural Gas Reserves,m3,47022.31000
4801003,Cypress County,2018,Natural Gas Reserves,m3,46560.94000
4801003,Cypress County,2019,Natural Gas Reserves,m3,43167.37000
4801003,Cypress County,2020,Natural Gas Reserves,m3,40946.73000
4801003,Cypress County,2021,Natural Gas Reserves,m3,39045.07000
4801003,Cypress County,2022,Natural Gas Reserves,m3,37291.16000
4803018,Willow Creek No. 26,2022,Natural Gas Reserves,m3,2216.18000
4803018,Willow Creek No. 26,2003,Natural Gas Reserves,m3
4803018,Willow Creek No. 26,2004,Natural Gas Reserves,m3
4803018,Willow Creek No. 26,2005,Natural Gas Reserves,m3
4803018,Willow Creek No. 26,2006,Natural Gas Reserves,m3
4803018,Willow Creek No. 26,2007,Natural Gas Reserves,m3
4803018,Willow Creek No. 26,2011,Natural Gas Reserves,m3,3756.98000
4803018,Willow Creek No. 26,2012,Natural Gas Reserves,m3,3350.19000
4803018,Willow Creek No. 26,2013,Natural Gas Reserves,m3,3019.68000
4803018,Willow Creek No. 26,2014,Natural Gas Reserves,m3,3151.30000
4803018,Willow Creek No. 26,2015,Natural Gas Reserves,m3,2805.70000
4803018,Willow Creek No. 26,2016,Natural Gas Reserves,m3,2467.21000
4803018,Willow Creek No. 26,2017,Natural Gas Reserves,m3,3413.54000
4803018,Willow Creek No. 26,2018,Natural Gas Reserves,m3,3384.83000
4803018,Willow Creek No. 26,2019,Natural Gas Reserves,m3,2912.16000
4803018,Willow Creek No. 26,2020,Natural Gas Reserves,m3,2641.97000
4803018,Willow Creek No. 26,2021,Natural Gas Reserves,m3,2406.69000
4802011,Lethbridge County,2003,Natural Gas Reserves,m3
4802011,Lethbridge County,2004,Natural Gas Reserves,m3
4802011,Lethbridge County,2005,Natural Gas Reserves,m3
4802011,Lethbridge County,2006,Natural Gas Reserves,m3
4802011,Lethbridge County,2007,Natural Gas Reserves,m3
4802011,Lethbridge County,2011,Natural Gas Reserves,m3,1602.98000
4802011,Lethbridge County,2012,Natural Gas Reserves,m3,1367.45000
4802011,Lethbridge County,2013,Natural Gas Reserves,m3,1229.94000
4802011,Lethbridge County,2014,Natural Gas Reserves,m3,1189.95000
4802011,Lethbridge County,2015,Natural Gas Reserves,m3,1153.22000
4802011,Lethbridge County,2016,Natural Gas Reserves,m3,1098.77000
4802011,Lethbridge County,2017,Natural Gas Reserves,m3,894.37000
4802011,Lethbridge County,2018,Natural Gas Reserves,m3,897.34000
4802011,Lethbridge County,2019,Natural Gas Reserves,m3,699.54000
4802011,Lethbridge County,2020,Natural Gas Reserves,m3,643.88000
4802011,Lethbridge County,2021,Natural Gas Reserves,m3,569.70000
4802011,Lethbridge County,2022,Natural Gas Reserves,m3,545.71000
4802021,"Taber, M.D.",2022,Natural Gas Reserves,m3,1989.87000
4802021,"Taber, M.D.",2003,Natural Gas Reserves,m3
4802021,"Taber, M.D.",2004,Natural Gas Reserves,m3
4802021,"Taber, M.D.",2005,Natural Gas Reserves,m3
4802021,"Taber, M.D.",2006,Natural Gas Reserves,m3
4802021,"Taber, M.D.",2007,Natural Gas Reserves,m3
4802021,"Taber, M.D.",2011,Natural Gas Reserves,m3,5151.92000
4802021,"Taber, M.D.",2012,Natural Gas Reserves,m3,4693.49000
4802021,"Taber, M.D.",2013,Natural Gas Reserves,m3,4564.64000
4802021,"Taber, M.D.",2014,Natural Gas Reserves,m3,3793.83000
4802021,"Taber, M.D.",2015,Natural Gas Reserves,m3,3951.35000
4802021,"Taber, M.D.",2016,Natural Gas Reserves,m3,3515.45000
4802021,"Taber, M.D.",2017,Natural Gas Reserves,m3,2579.86000
4802021,"Taber, M.D.",2018,Natural Gas Reserves,m3,2576.41000
4802021,"Taber, M.D.",2019,Natural Gas Reserves,m3,2238.05000
4802021,"Taber, M.D.",2020,Natural Gas Reserves,m3,2140.26000
4802021,"Taber, M.D.",2021,Natural Gas Reserves,m3,2065.25000
4803011,Pincher Creek No. 9,2003,Natural Gas Reserves,m3
4803011,Pincher Creek No. 9,2004,Natural Gas Reserves,m3
4803011,Pincher Creek No. 9,2005,Natural Gas Reserves,m3
4803011,Pincher Creek No. 9,2006,Natural Gas Reserves,m3
4803011,Pincher Creek No. 9,2007,Natural Gas Reserves,m3
4803011,Pincher Creek No. 9,2011,Natural Gas Reserves,m3,3382.32000
4803011,Pincher Creek No. 9,2012,Natural Gas Reserves,m3,4159.50000
4803011,Pincher Creek No. 9,2013,Natural Gas Reserves,m3,3694.10000
4803011,Pincher Creek No. 9,2014,Natural Gas Reserves,m3,3142.31000
4803011,Pincher Creek No. 9,2015,Natural Gas Reserves,m3,2612.18000
4803011,Pincher Creek No. 9,2016,Natural Gas Reserves,m3,2124.54000
4803011,Pincher Creek No. 9,2017,Natural Gas Reserves,m3,3464.87000
4803011,Pincher Creek No. 9,2018,Natural Gas Reserves,m3,3427.26000
4803011,Pincher Creek No. 9,2019,Natural Gas Reserves,m3,3991.18000
4803011,Pincher Creek No. 9,2020,Natural Gas Reserves,m3,3599.33000
4803011,Pincher Creek No. 9,2021,Natural Gas Reserves,m3,3370.92000
4803011,Pincher Creek No. 9,2022,Natural Gas Reserves,m3,3072.17000
4804001,Acadia No. 34,2022,Natural Gas Reserves,m3,180.65000
4804001,Acadia No. 34,2003,Natural Gas Reserves,m3
4804001,Acadia No. 34,2004,Natural Gas Reserves,m3
4804001,Acadia No. 34,2005,Natural Gas Reserves,m3
4804001,Acadia No. 34,2006,Natural Gas Reserves,m3
4804001,Acadia No. 34,2007,Natural Gas Reserves,m3
4804001,Acadia No. 34,2011,Natural Gas Reserves,m3,717.25000
4804001,Acadia No. 34,2012,Natural Gas Reserves,m3,544.15000
4804001,Acadia No. 34,2013,Natural Gas Reserves,m3,504.27000
4804001,Acadia No. 34,2014,Natural Gas Reserves,m3,461.72000
4804001,Acadia No. 34,2015,Natural Gas Reserves,m3,444.78000
4804001,Acadia No. 34,2016,Natural Gas Reserves,m3,432.28000
4804001,Acadia No. 34,2017,Natural Gas Reserves,m3,215.00000
4804001,Acadia No. 34,2018,Natural Gas Reserves,m3,212.01000
4804001,Acadia No. 34,2019,Natural Gas Reserves,m3,190.26000
4804001,Acadia No. 34,2020,Natural Gas Reserves,m3,186.22000
4804001,Acadia No. 34,2021,Natural Gas Reserves,m3,183.13000
4804004,Special Area No. 2,2003,Natural Gas Reserves,m3
4804004,Special Area No. 2,2004,Natural Gas Reserves,m3
4804004,Special Area No. 2,2005,Natural Gas Reserves,m3
4804004,Special Area No. 2,2006,Natural Gas Reserves,m3
4804004,Special Area No. 2,2007,Natural Gas Reserves,m3
4804004,Special Area No. 2,2011,Natural Gas Reserves,m3,27338.95000
4804004,Special Area No. 2,2012,Natural Gas Reserves,m3,23663.87000
4804004,Special Area No. 2,2013,Natural Gas Reserves,m3,20880.96000
4804004,Special Area No. 2,2014,Natural Gas Reserves,m3,21369.43000
4804004,Special Area No. 2,2015,Natural Gas Reserves,m3,20472.97000
4804004,Special Area No. 2,2016,Natural Gas Reserves,m3,18534.53000
4804004,Special Area No. 2,2017,Natural Gas Reserves,m3,14773.77000
4804004,Special Area No. 2,2018,Natural Gas Reserves,m3,14342.51000
4804004,Special Area No. 2,2019,Natural Gas Reserves,m3,14249.93000
4804004,Special Area No. 2,2020,Natural Gas Reserves,m3,13730.00000
4804004,Special Area No. 2,2021,Natural Gas Reserves,m3,12954.21000
4804004,Special Area No. 2,2022,Natural Gas Reserves,m3,12439.96000
4804012,Special Area No. 3,2022,Natural Gas Reserves,m3,1698.54000
4804012,Special Area No. 3,2003,Natural Gas Reserves,m3
4804012,Special Area No. 3,2004,Natural Gas Reserves,m3
4804012,Special Area No. 3,2005,Natural Gas Reserves,m3
4804012,Special Area No. 3,2006,Natural Gas Reserves,m3
4804012,Special Area No. 3,2007,Natural Gas Reserves,m3
4804012,Special Area No. 3,2011,Natural Gas Reserves,m3,6150.94000
4804012,Special Area No. 3,2012,Natural Gas Reserves,m3,5294.90000
4804012,Special Area No. 3,2013,Natural Gas Reserves,m3,4833.10000
4804012,Special Area No. 3,2014,Natural Gas Reserves,m3,4148.00000
4804012,Special Area No. 3,2015,Natural Gas Reserves,m3,4015.22000
4804012,Special Area No. 3,2016,Natural Gas Reserves,m3,3750.28000
4804012,Special Area No. 3,2017,Natural Gas Reserves,m3,1946.46000
4804012,Special Area No. 3,2018,Natural Gas Reserves,m3,1895.39000
4804012,Special Area No. 3,2019,Natural Gas Reserves,m3,1744.41000
4804012,Special Area No. 3,2020,Natural Gas Reserves,m3,1733.89000
4804012,Special Area No. 3,2021,Natural Gas Reserves,m3,1741.63000
4804020,Special Area No. 4,2003,Natural Gas Reserves,m3
4804020,Special Area No. 4,2004,Natural Gas Reserves,m3
4804020,Special Area No. 4,2005,Natural Gas Reserves,m3
4804020,Special Area No. 4,2006,Natural Gas Reserves,m3
4804020,Special Area No. 4,2007,Natural Gas Reserves,m3
4804020,Special Area No. 4,2011,Natural Gas Reserves,m3,4545.08000
4804020,Special Area No. 4,2012,Natural Gas Reserves,m3,4233.26000
4804020,Special Area No. 4,2013,Natural Gas Reserves,m3,3979.84000
4804020,Special Area No. 4,2014,Natural Gas Reserves,m3,3785.96000
4804020,Special Area No. 4,2015,Natural Gas Reserves,m3,5878.46000
4804020,Special Area No. 4,2016,Natural Gas Reserves,m3,5715.40000
4804020,Special Area No. 4,2017,Natural Gas Reserves,m3,2530.91000
4804020,Special Area No. 4,2018,Natural Gas Reserves,m3,2545.54000
4804020,Special Area No. 4,2019,Natural Gas Reserves,m3,4306.35000
4804020,Special Area No. 4,2020,Natural Gas Reserves,m3,4042.80000
4804020,Special Area No. 4,2021,Natural Gas Reserves,m3,3722.06000
4804020,Special Area No. 4,2022,Natural Gas Reserves,m3,3515.64000
4805001,Vulcan County,2022,Natural Gas Reserves,m3,3288.49000
4805001,Vulcan County,2003,Natural Gas Reserves,m3
4805001,Vulcan County,2004,Natural Gas Reserves,m3
4805001,Vulcan County,2005,Natural Gas Reserves,m3
4805001,Vulcan County,2006,Natural Gas Reserves,m3
4805001,Vulcan County,2007,Natural Gas Reserves,m3
4805001,Vulcan County,2011,Natural Gas Reserves,m3,9085.82000
4805001,Vulcan County,2012,Natural Gas Reserves,m3,8135.20000
4805001,Vulcan County,2013,Natural Gas Reserves,m3,7686.92000
4805001,Vulcan County,2014,Natural Gas Reserves,m3,7454.24000
4805001,Vulcan County,2015,Natural Gas Reserves,m3,7300.92000
4805001,Vulcan County,2016,Natural Gas Reserves,m3,6317.76000
4805001,Vulcan County,2017,Natural Gas Reserves,m3,4753.46000
4805001,Vulcan County,2018,Natural Gas Reserves,m3,4461.09000
4805001,Vulcan County,2019,Natural Gas Reserves,m3,3795.48000
4805001,Vulcan County,2020,Natural Gas Reserves,m3,3552.79000
4805001,Vulcan County,2021,Natural Gas Reserves,m3,3383.18000
4806001,Foothills County,2003,Natural Gas Reserves,m3
4806001,Foothills County,2004,Natural Gas Reserves,m3
4806001,Foothills County,2005,Natural Gas Reserves,m3
4806001,Foothills County,2006,Natural Gas Reserves,m3
4806001,Foothills County,2007,Natural Gas Reserves,m3
4806001,Foothills County,2011,Natural Gas Reserves,m3,3481.97000
4806001,Foothills County,2012,Natural Gas Reserves,m3,3634.96000
4806001,Foothills County,2013,Natural Gas Reserves,m3,3242.46000
4806001,Foothills County,2014,Natural Gas Reserves,m3,3039.60000
4806001,Foothills County,2015,Natural Gas Reserves,m3,2751.85000
4806001,Foothills County,2016,Natural Gas Reserves,m3,2531.78000
4806001,Foothills County,2017,Natural Gas Reserves,m3,2239.19000
4806001,Foothills County,2018,Natural Gas Reserves,m3,2258.92000
4806001,Foothills County,2019,Natural Gas Reserves,m3,2053.59000
4806001,Foothills County,2020,Natural Gas Reserves,m3,1887.48000
4806001,Foothills County,2021,Natural Gas Reserves,m3,1827.71000
4806001,Foothills County,2022,Natural Gas Reserves,m3,1759.72000
4806014,Rocky View County,2022,Natural Gas Reserves,m3,7512.55000
4806014,Rocky View County,2003,Natural Gas Reserves,m3
4806014,Rocky View County,2004,Natural Gas Reserves,m3
4806014,Rocky View County,2005,Natural Gas Reserves,m3
4806014,Rocky View County,2006,Natural Gas Reserves,m3
4806014,Rocky View County,2007,Natural Gas Reserves,m3
4806014,Rocky View County,2011,Natural Gas Reserves,m3,10212.10000
4806014,Rocky View County,2012,Natural Gas Reserves,m3,9124.22000
4806014,Rocky View County,2013,Natural Gas Reserves,m3,9212.47000
4806014,Rocky View County,2014,Natural Gas Reserves,m3,8078.56000
4806014,Rocky View County,2015,Natural Gas Reserves,m3,7606.62000
4806014,Rocky View County,2016,Natural Gas Reserves,m3,7196.99000
4806014,Rocky View County,2017,Natural Gas Reserves,m3,7945.22000
4806014,Rocky View County,2018,Natural Gas Reserves,m3,7996.79000
4806014,Rocky View County,2019,Natural Gas Reserves,m3,6808.24000
4806014,Rocky View County,2020,Natural Gas Reserves,m3,8197.45000
4806014,Rocky View County,2021,Natural Gas Reserves,m3,7775.05000
4806016,Calgary,2003,Natural Gas Reserves,m3
4806016,Calgary,2004,Natural Gas Reserves,m3
4806016,Calgary,2005,Natural Gas Reserves,m3
4806016,Calgary,2006,Natural Gas Reserves,m3
4806016,Calgary,2007,Natural Gas Reserves,m3
4806016,Calgary,2011,Natural Gas Reserves,m3,196.83000
4806016,Calgary,2012,Natural Gas Reserves,m3,229.99000
4806016,Calgary,2013,Natural Gas Reserves,m3,227.43000
4806016,Calgary,2014,Natural Gas Reserves,m3,262.30000
4806016,Calgary,2015,Natural Gas Reserves,m3,261.10000
4806016,Calgary,2016,Natural Gas Reserves,m3,253.99000
4806016,Calgary,2017,Natural Gas Reserves,m3,66.50000
4806016,Calgary,2018,Natural Gas Reserves,m3,66.41000
4806016,Calgary,2019,Natural Gas Reserves,m3,27.04000
4806016,Calgary,2020,Natural Gas Reserves,m3,26.95000
4806016,Calgary,2021,Natural Gas Reserves,m3,26.83000
4806016,Calgary,2022,Natural Gas Reserves,m3,28.13000
4806028,Mountain View County,2022,Natural Gas Reserves,m3,11385.48000
4806028,Mountain View County,2003,Natural Gas Reserves,m3
4806028,Mountain View County,2004,Natural Gas Reserves,m3
4806028,Mountain View County,2005,Natural Gas Reserves,m3
4806028,Mountain View County,2006,Natural Gas Reserves,m3
4806028,Mountain View County,2007,Natural Gas Reserves,m3
4806028,Mountain View County,2011,Natural Gas Reserves,m3,19078.26000
4806028,Mountain View County,2012,Natural Gas Reserves,m3,17657.69000
4806028,Mountain View County,2013,Natural Gas Reserves,m3,18317.09000
4806028,Mountain View County,2014,Natural Gas Reserves,m3,16955.02000
4806028,Mountain View County,2015,Natural Gas Reserves,m3,16638.86000
4806028,Mountain View County,2016,Natural Gas Reserves,m3,14490.94000
4806028,Mountain View County,2017,Natural Gas Reserves,m3,14891.97000
4806028,Mountain View County,2018,Natural Gas Reserves,m3,14918.23000
4806028,Mountain View County,2019,Natural Gas Reserves,m3,13512.07000
4806028,Mountain View County,2020,Natural Gas Reserves,m3,12937.43000
4806028,Mountain View County,2021,Natural Gas Reserves,m3,12065.34000
4807001,Provost No. 52,2003,Natural Gas Reserves,m3
4807001,Provost No. 52,2004,Natural Gas Reserves,m3
4807001,Provost No. 52,2005,Natural Gas Reserves,m3
4807001,Provost No. 52,2006,Natural Gas Reserves,m3
4807001,Provost No. 52,2007,Natural Gas Reserves,m3
4807001,Provost No. 52,2011,Natural Gas Reserves,m3,2335.56000
4807001,Provost No. 52,2012,Natural Gas Reserves,m3,2282.08000
4807001,Provost No. 52,2013,Natural Gas Reserves,m3,2269.51000
4807001,Provost No. 52,2014,Natural Gas Reserves,m3,2111.07000
4807001,Provost No. 52,2015,Natural Gas Reserves,m3,2620.93000
4807001,Provost No. 52,2016,Natural Gas Reserves,m3,2538.49000
4807001,Provost No. 52,2017,Natural Gas Reserves,m3,1476.21000
4807001,Provost No. 52,2018,Natural Gas Reserves,m3,1434.75000
4807001,Provost No. 52,2019,Natural Gas Reserves,m3,1902.39000
4807001,Provost No. 52,2020,Natural Gas Reserves,m3,1920.73000
4807001,Provost No. 52,2021,Natural Gas Reserves,m3,1800.36000
4807001,Provost No. 52,2022,Natural Gas Reserves,m3,1720.08000
4819041,Smoky River No. 130,2022,Natural Gas Reserves,m3,796.33000
4819041,Smoky River No. 130,2003,Natural Gas Reserves,m3
4819041,Smoky River No. 130,2004,Natural Gas Reserves,m3
4819041,Smoky River No. 130,2005,Natural Gas Reserves,m3
4819041,Smoky River No. 130,2006,Natural Gas Reserves,m3
4819041,Smoky River No. 130,2007,Natural Gas Reserves,m3
4819041,Smoky River No. 130,2011,Natural Gas Reserves,m3,1586.60000
4819041,Smoky River No. 130,2012,Natural Gas Reserves,m3,1246.33000
4819041,Smoky River No. 130,2013,Natural Gas Reserves,m3,1085.62000
4819041,Smoky River No. 130,2014,Natural Gas Reserves,m3,1544.86000
4819041,Smoky River No. 130,2015,Natural Gas Reserves,m3,1342.16000
4819041,Smoky River No. 130,2016,Natural Gas Reserves,m3,1220.13000
4819041,Smoky River No. 130,2017,Natural Gas Reserves,m3,883.54000
4819041,Smoky River No. 130,2018,Natural Gas Reserves,m3,883.34000
4819041,Smoky River No. 130,2019,Natural Gas Reserves,m3,860.89000
4819041,Smoky River No. 130,2020,Natural Gas Reserves,m3,849.59000
4819041,Smoky River No. 130,2021,Natural Gas Reserves,m3,774.77000
4810036,Vermilion River County,2003,Natural Gas Reserves,m3
4810036,Vermilion River County,2004,Natural Gas Reserves,m3
4810036,Vermilion River County,2005,Natural Gas Reserves,m3
4810036,Vermilion River County,2006,Natural Gas Reserves,m3
4810036,Vermilion River County,2007,Natural Gas Reserves,m3
4810036,Vermilion River County,2011,Natural Gas Reserves,m3,4669.43000
4810036,Vermilion River County,2012,Natural Gas Reserves,m3,4545.54000
4810036,Vermilion River County,2013,Natural Gas Reserves,m3,5167.09000
4810036,Vermilion River County,2014,Natural Gas Reserves,m3,5064.36000
4810036,Vermilion River County,2015,Natural Gas Reserves,m3,5034.87000
4810036,Vermilion River County,2016,Natural Gas Reserves,m3,4427.26000
4810036,Vermilion River County,2017,Natural Gas Reserves,m3,3414.80000
4810036,Vermilion River County,2018,Natural Gas Reserves,m3,3397.68000
4810036,Vermilion River County,2019,Natural Gas Reserves,m3,3117.95000
4810036,Vermilion River County,2020,Natural Gas Reserves,m3,2958.87000
4810036,Vermilion River County,2021,Natural Gas Reserves,m3,2682.66000
4810036,Vermilion River County,2022,Natural Gas Reserves,m3,2573.12000
4817026,Northern Sunrise County,2022,Natural Gas Reserves,m3,1581.28000
4817026,Northern Sunrise County,2003,Natural Gas Reserves,m3
4817026,Northern Sunrise County,2004,Natural Gas Reserves,m3
4817026,Northern Sunrise County,2005,Natural Gas Reserves,m3
4817026,Northern Sunrise County,2006,Natural Gas Reserves,m3
4817026,Northern Sunrise County,2007,Natural Gas Reserves,m3
4817026,Northern Sunrise County,2011,Natural Gas Reserves,m3,3234.05000
4817026,Northern Sunrise County,2012,Natural Gas Reserves,m3,3052.58000
4817026,Northern Sunrise County,2013,Natural Gas Reserves,m3,2724.39000
4817026,Northern Sunrise County,2014,Natural Gas Reserves,m3,2450.56000
4817026,Northern Sunrise County,2015,Natural Gas Reserves,m3,2583.82000
4817026,Northern Sunrise County,2016,Natural Gas Reserves,m3,2449.01000
4817026,Northern Sunrise County,2017,Natural Gas Reserves,m3,2451.87000
4817026,Northern Sunrise County,2018,Natural Gas Reserves,m3,2450.55000
4817026,Northern Sunrise County,2019,Natural Gas Reserves,m3,1924.37000
4817026,Northern Sunrise County,2020,Natural Gas Reserves,m3,1838.98000
4817026,Northern Sunrise County,2021,Natural Gas Reserves,m3,1595.47000
4817027,Big Lakes County,2003,Natural Gas Reserves,m3
4817027,Big Lakes County,2004,Natural Gas Reserves,m3
4817027,Big Lakes County,2005,Natural Gas Reserves,m3
4817027,Big Lakes County,2006,Natural Gas Reserves,m3
4817027,Big Lakes County,2007,Natural Gas Reserves,m3
4817027,Big Lakes County,2011,Natural Gas Reserves,m3,6048.86000
4817027,Big Lakes County,2012,Natural Gas Reserves,m3,5840.03000
4817027,Big Lakes County,2013,Natural Gas Reserves,m3,5811.47000
4817027,Big Lakes County,2014,Natural Gas Reserves,m3,2755.65000
4817027,Big Lakes County,2015,Natural Gas Reserves,m3,2672.31000
4817027,Big Lakes County,2016,Natural Gas Reserves,m3,2584.78000
4817027,Big Lakes County,2017,Natural Gas Reserves,m3,1627.36000
4817027,Big Lakes County,2018,Natural Gas Reserves,m3,1611.09000
4817027,Big Lakes County,2019,Natural Gas Reserves,m3,1784.53000
4817027,Big Lakes County,2020,Natural Gas Reserves,m3,1693.52000
4817027,Big Lakes County,2021,Natural Gas Reserves,m3,1481.05000
4817027,Big Lakes County,2022,Natural Gas Reserves,m3,1411.22000
4817031,Opportunity No. 17,2022,Natural Gas Reserves,m3,5535.04000
4817031,Opportunity No. 17,2003,Natural Gas Reserves,m3
4817031,Opportunity No. 17,2004,Natural Gas Reserves,m3
4817031,Opportunity No. 17,2005,Natural Gas Reserves,m3
4817031,Opportunity No. 17,2006,Natural Gas Reserves,m3
4817031,Opportunity No. 17,2007,Natural Gas Reserves,m3
4817031,Opportunity No. 17,2011,Natural Gas Reserves,m3,10178.44000
4817031,Opportunity No. 17,2012,Natural Gas Reserves,m3,9395.73000
4817031,Opportunity No. 17,2013,Natural Gas Reserves,m3,8580.46000
4817031,Opportunity No. 17,2014,Natural Gas Reserves,m3,8791.73000
4817031,Opportunity No. 17,2015,Natural Gas Reserves,m3,8508.96000
4817031,Opportunity No. 17,2016,Natural Gas Reserves,m3,8122.93000
4817031,Opportunity No. 17,2017,Natural Gas Reserves,m3,6553.14000
4817031,Opportunity No. 17,2018,Natural Gas Reserves,m3,6543.98000
4817031,Opportunity No. 17,2019,Natural Gas Reserves,m3,5908.63000
4817031,Opportunity No. 17,2020,Natural Gas Reserves,m3,5852.42000
4817031,Opportunity No. 17,2021,Natural Gas Reserves,m3,5548.96000
4813001,Lac Ste. Anne County,2003,Natural Gas Reserves,m3
4813001,Lac Ste. Anne County,2004,Natural Gas Reserves,m3
4813001,Lac Ste. Anne County,2005,Natural Gas Reserves,m3
4813001,Lac Ste. Anne County,2006,Natural Gas Reserves,m3
4813001,Lac Ste. Anne County,2007,Natural Gas Reserves,m3
4813001,Lac Ste. Anne County,2011,Natural Gas Reserves,m3,2293.42000
4813001,Lac Ste. Anne County,2012,Natural Gas Reserves,m3,1879.76000
4813001,Lac Ste. Anne County,2013,Natural Gas Reserves,m3,1773.05000
4813001,Lac Ste. Anne County,2014,Natural Gas Reserves,m3,1680.97000
4813001,Lac Ste. Anne County,2015,Natural Gas Reserves,m3,1632.43000
4813001,Lac Ste. Anne County,2016,Natural Gas Reserves,m3,1494.89000
4813001,Lac Ste. Anne County,2017,Natural Gas Reserves,m3,1058.69000
4813001,Lac Ste. Anne County,2018,Natural Gas Reserves,m3,1057.53000
4813001,Lac Ste. Anne County,2019,Natural Gas Reserves,m3,728.04000
4813001,Lac Ste. Anne County,2020,Natural Gas Reserves,m3,686.67000
4813001,Lac Ste. Anne County,2021,Natural Gas Reserves,m3,717.39000
4813001,Lac Ste. Anne County,2022,Natural Gas Reserves,m3,756.24000
4819049,Birch Hills County,2022,Natural Gas Reserves,m3,1609.68000
4819049,Birch Hills County,2003,Natural Gas Reserves,m3
4819049,Birch Hills County,2004,Natural Gas Reserves,m3
4819049,Birch Hills County,2005,Natural Gas Reserves,m3
4819049,Birch Hills County,2006,Natural Gas Reserves,m3
4819049,Birch Hills County,2007,Natural Gas Reserves,m3
4819049,Birch Hills County,2011,Natural Gas Reserves,m3,4610.35000
4819049,Birch Hills County,2012,Natural Gas Reserves,m3,4138.97000
4819049,Birch Hills County,2013,Natural Gas Reserves,m3,3698.08000
4819049,Birch Hills County,2014,Natural Gas Reserves,m3,3451.35000
4819049,Birch Hills County,2015,Natural Gas Reserves,m3,3073.57000
4819049,Birch Hills County,2016,Natural Gas Reserves,m3,2741.77000
4819049,Birch Hills County,2017,Natural Gas Reserves,m3,2003.34000
4819049,Birch Hills County,2018,Natural Gas Reserves,m3,1985.58000
4819049,Birch Hills County,2019,Natural Gas Reserves,m3,1874.05000
4819049,Birch Hills County,2020,Natural Gas Reserves,m3,1743.08000
4819049,Birch Hills County,2021,Natural Gas Reserves,m3,1682.81000
4819054,Spirit River No. 133,2003,Natural Gas Reserves,m3
4819054,Spirit River No. 133,2004,Natural Gas Reserves,m3
4819054,Spirit River No. 133,2005,Natural Gas Reserves,m3
4819054,Spirit River No. 133,2006,Natural Gas Reserves,m3
4819054,Spirit River No. 133,2007,Natural Gas Reserves,m3
4819054,Spirit River No. 133,2011,Natural Gas Reserves,m3,341.93000
4819054,Spirit River No. 133,2012,Natural Gas Reserves,m3,281.41000
4819054,Spirit River No. 133,2013,Natural Gas Reserves,m3,270.82000
4819054,Spirit River No. 133,2014,Natural Gas Reserves,m3,279.60000
4819054,Spirit River No. 133,2015,Natural Gas Reserves,m3,243.96000
4819054,Spirit River No. 133,2016,Natural Gas Reserves,m3,254.62000
4819054,Spirit River No. 133,2017,Natural Gas Reserves,m3,176.34000
4819054,Spirit River No. 133,2018,Natural Gas Reserves,m3,176.33000
4819054,Spirit River No. 133,2019,Natural Gas Reserves,m3,299.73000
4819054,Spirit River No. 133,2020,Natural Gas Reserves,m3,227.77000
4819054,Spirit River No. 133,2021,Natural Gas Reserves,m3,182.58000
4819054,Spirit River No. 133,2022,Natural Gas Reserves,m3,276.93000
4819059,Saddle Hills County,2022,Natural Gas Reserves,m3,37931.11000
4819059,Saddle Hills County,2003,Natural Gas Reserves,m3
4819059,Saddle Hills County,2004,Natural Gas Reserves,m3
4819059,Saddle Hills County,2005,Natural Gas Reserves,m3
4819059,Saddle Hills County,2006,Natural Gas Reserves,m3
4819059,Saddle Hills County,2007,Natural Gas Reserves,m3
4819059,Saddle Hills County,2011,Natural Gas Reserves,m3,22823.80000
4819059,Saddle Hills County,2012,Natural Gas Reserves,m3,22137.87000
4819059,Saddle Hills County,2013,Natural Gas Reserves,m3,31231.68000
4819059,Saddle Hills County,2014,Natural Gas Reserves,m3,30805.96000
4819059,Saddle Hills County,2015,Natural Gas Reserves,m3,27949.68000
4819059,Saddle Hills County,2016,Natural Gas Reserves,m3,23095.47000
4819059,Saddle Hills County,2017,Natural Gas Reserves,m3,23919.08000
4819059,Saddle Hills County,2018,Natural Gas Reserves,m3,23919.23000
4819059,Saddle Hills County,2019,Natural Gas Reserves,m3,45875.12000
4819059,Saddle Hills County,2020,Natural Gas Reserves,m3,39048.08000
4819059,Saddle Hills County,2021,Natural Gas Reserves,m3,37704.78000
4819066,Fairview No. 136,2003,Natural Gas Reserves,m3
4819066,Fairview No. 136,2004,Natural Gas Reserves,m3
4819066,Fairview No. 136,2005,Natural Gas Reserves,m3
4819066,Fairview No. 136,2006,Natural Gas Reserves,m3
4819066,Fairview No. 136,2007,Natural Gas Reserves,m3
4819066,Fairview No. 136,2011,Natural Gas Reserves,m3,7111.33000
4819066,Fairview No. 136,2012,Natural Gas Reserves,m3,6355.98000
4819066,Fairview No. 136,2013,Natural Gas Reserves,m3,5703.32000
4819066,Fairview No. 136,2014,Natural Gas Reserves,m3,5457.82000
4819066,Fairview No. 136,2015,Natural Gas Reserves,m3,5014.40000
4819066,Fairview No. 136,2016,Natural Gas Reserves,m3,4361.88000
4819066,Fairview No. 136,2017,Natural Gas Reserves,m3,3954.64000
4819066,Fairview No. 136,2018,Natural Gas Reserves,m3,3954.26000
4819066,Fairview No. 136,2019,Natural Gas Reserves,m3,4926.58000
4819066,Fairview No. 136,2020,Natural Gas Reserves,m3,4559.86000
4819066,Fairview No. 136,2021,Natural Gas Reserves,m3,4208.91000
4819066,Fairview No. 136,2022,Natural Gas Reserves,m3,3972.94000
4811032,Brazeau County,2022,Natural Gas Reserves,m3,8326.37000
4811032,Brazeau County,2003,Natural Gas Reserves,m3
4811032,Brazeau County,2004,Natural Gas Reserves,m3
4811032,Brazeau County,2005,Natural Gas Reserves,m3
4811032,Brazeau County,2006,Natural Gas Reserves,m3
4811032,Brazeau County,2007,Natural Gas Reserves,m3
4811032,Brazeau County,2011,Natural Gas Reserves,m3,16607.39000
4811032,Brazeau County,2012,Natural Gas Reserves,m3,18057.76000
4811032,Brazeau County,2013,Natural Gas Reserves,m3,17693.87000
4811032,Brazeau County,2014,Natural Gas Reserves,m3,14185.43000
4811032,Brazeau County,2015,Natural Gas Reserves,m3,15287.54000
4811032,Brazeau County,2016,Natural Gas Reserves,m3,12711.34000
4811032,Brazeau County,2017,Natural Gas Reserves,m3,11628.06000
4811032,Brazeau County,2018,Natural Gas Reserves,m3,11348.34000
4811032,Brazeau County,2019,Natural Gas Reserves,m3,11476.89000
4811032,Brazeau County,2020,Natural Gas Reserves,m3,10362.02000
4811032,Brazeau County,2021,Natural Gas Reserves,m3,9482.43000
4811034,Parkland County,2003,Natural Gas Reserves,m3
4811034,Parkland County,2004,Natural Gas Reserves,m3
4811034,Parkland County,2005,Natural Gas Reserves,m3
4811034,Parkland County,2006,Natural Gas Reserves,m3
4811034,Parkland County,2007,Natural Gas Reserves,m3
4811034,Parkland County,2011,Natural Gas Reserves,m3,5281.39000
4811034,Parkland County,2012,Natural Gas Reserves,m3,5091.84000
4811034,Parkland County,2013,Natural Gas Reserves,m3,4854.22000
4811034,Parkland County,2014,Natural Gas Reserves,m3,4778.42000
4811034,Parkland County,2015,Natural Gas Reserves,m3,2992.82000
4811034,Parkland County,2016,Natural Gas Reserves,m3,3105.07000
4811034,Parkland County,2017,Natural Gas Reserves,m3,2580.79000
4811034,Parkland County,2018,Natural Gas Reserves,m3,2562.68000
4811034,Parkland County,2019,Natural Gas Reserves,m3,2978.22000
4811034,Parkland County,2020,Natural Gas Reserves,m3,2886.61000
4811034,Parkland County,2021,Natural Gas Reserves,m3,2718.07000
4811034,Parkland County,2022,Natural Gas Reserves,m3,2591.54000
4811052,Strathcona County,2022,Natural Gas Reserves,m3,534.25000
4811052,Strathcona County,2003,Natural Gas Reserves,m3
4811052,Strathcona County,2004,Natural Gas Reserves,m3
4811052,Strathcona County,2005,Natural Gas Reserves,m3
4811052,Strathcona County,2006,Natural Gas Reserves,m3
4811052,Strathcona County,2007,Natural Gas Reserves,m3
4811052,Strathcona County,2011,Natural Gas Reserves,m3,626.95000
4811052,Strathcona County,2012,Natural Gas Reserves,m3,554.23000
4811052,Strathcona County,2013,Natural Gas Reserves,m3,427.03000
4811052,Strathcona County,2014,Natural Gas Reserves,m3,792.09000
4811052,Strathcona County,2015,Natural Gas Reserves,m3,767.04000
4811052,Strathcona County,2016,Natural Gas Reserves,m3,706.25000
4811052,Strathcona County,2017,Natural Gas Reserves,m3,604.44000
4811052,Strathcona County,2018,Natural Gas Reserves,m3,593.69000
4811052,Strathcona County,2019,Natural Gas Reserves,m3,578.19000
4811052,Strathcona County,2020,Natural Gas Reserves,m3,551.40000
4811052,Strathcona County,2021,Natural Gas Reserves,m3,542.64000
4811059,Sturgeon County,2003,Natural Gas Reserves,m3
4811059,Sturgeon County,2004,Natural Gas Reserves,m3
4811059,Sturgeon County,2005,Natural Gas Reserves,m3
4811059,Sturgeon County,2006,Natural Gas Reserves,m3
4811059,Sturgeon County,2007,Natural Gas Reserves,m3
4811059,Sturgeon County,2011,Natural Gas Reserves,m3,4664.00000
4811059,Sturgeon County,2012,Natural Gas Reserves,m3,4312.49000
4811059,Sturgeon County,2013,Natural Gas Reserves,m3,4068.07000
4811059,Sturgeon County,2014,Natural Gas Reserves,m3,3455.74000
4811059,Sturgeon County,2015,Natural Gas Reserves,m3,3362.53000
4811059,Sturgeon County,2016,Natural Gas Reserves,m3,3187.62000
4811059,Sturgeon County,2017,Natural Gas Reserves,m3,2418.36000
4811059,Sturgeon County,2018,Natural Gas Reserves,m3,2466.07000
4811059,Sturgeon County,2019,Natural Gas Reserves,m3,1904.53000
4811059,Sturgeon County,2020,Natural Gas Reserves,m3,1630.67000
4811059,Sturgeon County,2021,Natural Gas Reserves,m3,1602.59000
4811059,Sturgeon County,2022,Natural Gas Reserves,m3,1577.00000
4817095,Mackenzie County,2022,Natural Gas Reserves,m3,11053.14000
4817095,Mackenzie County,2003,Natural Gas Reserves,m3
4817095,Mackenzie County,2004,Natural Gas Reserves,m3
4817095,Mackenzie County,2005,Natural Gas Reserves,m3
4817095,Mackenzie County,2006,Natural Gas Reserves,m3
4817095,Mackenzie County,2007,Natural Gas Reserves,m3
4817095,Mackenzie County,2011,Natural Gas Reserves,m3,19252.57000
4817095,Mackenzie County,2012,Natural Gas Reserves,m3,17531.13000
4817095,Mackenzie County,2013,Natural Gas Reserves,m3,16409.54000
4817095,Mackenzie County,2014,Natural Gas Reserves,m3,16264.19000
4817095,Mackenzie County,2015,Natural Gas Reserves,m3,15566.24000
4817095,Mackenzie County,2016,Natural Gas Reserves,m3,14697.46000
4817095,Mackenzie County,2017,Natural Gas Reserves,m3,12200.96000
4817095,Mackenzie County,2018,Natural Gas Reserves,m3,12250.39000
4817095,Mackenzie County,2019,Natural Gas Reserves,m3,9516.95000
4817095,Mackenzie County,2020,Natural Gas Reserves,m3,10262.69000
4817095,Mackenzie County,2021,Natural Gas Reserves,m3,8957.98000
4812038,Improvement District No. 349,2003,Natural Gas Reserves,m3
4812038,Improvement District No. 349,2004,Natural Gas Reserves,m3
4812038,Improvement District No. 349,2005,Natural Gas Reserves,m3
4812038,Improvement District No. 349,2006,Natural Gas Reserves,m3
4812038,Improvement District No. 349,2007,Natural Gas Reserves,m3
4812038,Improvement District No. 349,2011,Natural Gas Reserves,m3,5895.13000
4812038,Improvement District No. 349,2012,Natural Gas Reserves,m3,5280.52000
4812038,Improvement District No. 349,2013,Natural Gas Reserves,m3,5135.57000
4812038,Improvement District No. 349,2014,Natural Gas Reserves,m3,4528.54000
4812038,Improvement District No. 349,2015,Natural Gas Reserves,m3,4249.52000
4812038,Improvement District No. 349,2016,Natural Gas Reserves,m3,3932.19000
4812038,Improvement District No. 349,2017,Natural Gas Reserves,m3,3021.77000
4812038,Improvement District No. 349,2018,Natural Gas Reserves,m3,3037.32000
4812038,Improvement District No. 349,2019,Natural Gas Reserves,m3,2753.13000
4812038,Improvement District No. 349,2020,Natural Gas Reserves,m3,2627.10000
4812038,Improvement District No. 349,2021,Natural Gas Reserves,m3,2428.72000
4812038,Improvement District No. 349,2022,Natural Gas Reserves,m3,2343.05000
4817062,Clear Hills,2022,Natural Gas Reserves,m3,4428.19000
4817062,Clear Hills,2003,Natural Gas Reserves,m3
4817062,Clear Hills,2004,Natural Gas Reserves,m3
4817062,Clear Hills,2005,Natural Gas Reserves,m3
4817062,Clear Hills,2006,Natural Gas Reserves,m3
4817062,Clear Hills,2007,Natural Gas Reserves,m3
4817062,Clear Hills,2011,Natural Gas Reserves,m3,9574.58000
4817062,Clear Hills,2012,Natural Gas Reserves,m3,8227.68000
4817062,Clear Hills,2013,Natural Gas Reserves,m3,7629.87000
4817062,Clear Hills,2014,Natural Gas Reserves,m3,7025.99000
4817062,Clear Hills,2015,Natural Gas Reserves,m3,6236.51000
4817062,Clear Hills,2016,Natural Gas Reserves,m3,6030.42000
4817062,Clear Hills,2017,Natural Gas Reserves,m3,6472.12000
4817062,Clear Hills,2018,Natural Gas Reserves,m3,6464.09000
4817062,Clear Hills,2019,Natural Gas Reserves,m3,5716.13000
4817062,Clear Hills,2020,Natural Gas Reserves,m3,5391.86000
4817062,Clear Hills,2021,Natural Gas Reserves,m3,4535.32000
4811062,St. Albert,2003,Natural Gas Reserves,m3
4811062,St. Albert,2004,Natural Gas Reserves,m3
4811062,St. Albert,2005,Natural Gas Reserves,m3
4811062,St. Albert,2006,Natural Gas Reserves,m3
4811062,St. Albert,2007,Natural Gas Reserves,m3
4811062,St. Albert,2011,Natural Gas Reserves,m3,212.83000
4811062,St. Albert,2012,Natural Gas Reserves,m3,202.14000
4811062,St. Albert,2013,Natural Gas Reserves,m3,190.12000
4811062,St. Albert,2014,Natural Gas Reserves,m3,156.14000
4811062,St. Albert,2015,Natural Gas Reserves,m3,156.14000
4811062,St. Albert,2016,Natural Gas Reserves,m3,78.59000
4811062,St. Albert,2017,Natural Gas Reserves,m3,47.85000
4811062,St. Albert,2018,Natural Gas Reserves,m3,47.94000
4811062,St. Albert,2019,Natural Gas Reserves,m3,45.62000
4811062,St. Albert,2020,Natural Gas Reserves,m3,43.87000
4811062,St. Albert,2021,Natural Gas Reserves,m3,43.00000
4811062,St. Albert,2022,Natural Gas Reserves,m3,42.42000
4818015,Greenview No. 16,2022,Natural Gas Reserves,m3,115158.85000
4818015,Greenview No. 16,2003,Natural Gas Reserves,m3
4818015,Greenview No. 16,2004,Natural Gas Reserves,m3
4818015,Greenview No. 16,2005,Natural Gas Reserves,m3
4818015,Greenview No. 16,2006,Natural Gas Reserves,m3
4818015,Greenview No. 16,2007,Natural Gas Reserves,m3
4818015,Greenview No. 16,2011,Natural Gas Reserves,m3,112712.33000
4818015,Greenview No. 16,2012,Natural Gas Reserves,m3,114827.18000
4818015,Greenview No. 16,2013,Natural Gas Reserves,m3,126081.30000
4818015,Greenview No. 16,2014,Natural Gas Reserves,m3,121682.59000
4818015,Greenview No. 16,2015,Natural Gas Reserves,m3,113471.00000
4818015,Greenview No. 16,2016,Natural Gas Reserves,m3,96383.64000
4818015,Greenview No. 16,2017,Natural Gas Reserves,m3,108741.80000
4818015,Greenview No. 16,2018,Natural Gas Reserves,m3,108976.97000
4818015,Greenview No. 16,2019,Natural Gas Reserves,m3,114793.74000
4818015,Greenview No. 16,2020,Natural Gas Reserves,m3,123469.57000
4818015,Greenview No. 16,2021,Natural Gas Reserves,m3,115038.79000
4819006,Grande Prairie County No. 1,2003,Natural Gas Reserves,m3
4819006,Grande Prairie County No. 1,2004,Natural Gas Reserves,m3
4819006,Grande Prairie County No. 1,2005,Natural Gas Reserves,m3
4819006,Grande Prairie County No. 1,2006,Natural Gas Reserves,m3
4819006,Grande Prairie County No. 1,2007,Natural Gas Reserves,m3
4819006,Grande Prairie County No. 1,2011,Natural Gas Reserves,m3,40745.70000
4819006,Grande Prairie County No. 1,2012,Natural Gas Reserves,m3,39699.76000
4819006,Grande Prairie County No. 1,2013,Natural Gas Reserves,m3,39514.92000
4819006,Grande Prairie County No. 1,2014,Natural Gas Reserves,m3,38938.62000
4819006,Grande Prairie County No. 1,2015,Natural Gas Reserves,m3,37195.36000
4819006,Grande Prairie County No. 1,2016,Natural Gas Reserves,m3,35171.77000
4819006,Grande Prairie County No. 1,2017,Natural Gas Reserves,m3,32402.28000
4819006,Grande Prairie County No. 1,2018,Natural Gas Reserves,m3,32471.99000
4819006,Grande Prairie County No. 1,2019,Natural Gas Reserves,m3,35212.25000
4819006,Grande Prairie County No. 1,2020,Natural Gas Reserves,m3,33377.77000
4819006,Grande Prairie County No. 1,2021,Natural Gas Reserves,m3,32606.30000
4819006,Grande Prairie County No. 1,2022,Natural Gas Reserves,m3,33074.32000
4812004,Bonnyville No. 87,2022,Natural Gas Reserves,m3,1854.40000
4812004,Bonnyville No. 87,2003,Natural Gas Reserves,m3
4812004,Bonnyville No. 87,2004,Natural Gas Reserves,m3
4812004,Bonnyville No. 87,2005,Natural Gas Reserves,m3
4812004,Bonnyville No. 87,2006,Natural Gas Reserves,m3
4812004,Bonnyville No. 87,2007,Natural Gas Reserves,m3
4812004,Bonnyville No. 87,2011,Natural Gas Reserves,m3,4034.44000
4812004,Bonnyville No. 87,2012,Natural Gas Reserves,m3,3905.92000
4812004,Bonnyville No. 87,2013,Natural Gas Reserves,m3,3612.86000
4812004,Bonnyville No. 87,2014,Natural Gas Reserves,m3,3888.92000
4812004,Bonnyville No. 87,2015,Natural Gas Reserves,m3,3840.00000
4812004,Bonnyville No. 87,2016,Natural Gas Reserves,m3,3494.22000
4812004,Bonnyville No. 87,2017,Natural Gas Reserves,m3,2651.09000
4812004,Bonnyville No. 87,2018,Natural Gas Reserves,m3,2651.33000
4812004,Bonnyville No. 87,2019,Natural Gas Reserves,m3,2429.00000
4812004,Bonnyville No. 87,2020,Natural Gas Reserves,m3,2319.77000
4812004,Bonnyville No. 87,2021,Natural Gas Reserves,m3,1931.81000
4812014,St. Paul County No. 19,2003,Natural Gas Reserves,m3
4812014,St. Paul County No. 19,2004,Natural Gas Reserves,m3
4812014,St. Paul County No. 19,2005,Natural Gas Reserves,m3
4812014,St. Paul County No. 19,2006,Natural Gas Reserves,m3
4812014,St. Paul County No. 19,2007,Natural Gas Reserves,m3
4812014,St. Paul County No. 19,2011,Natural Gas Reserves,m3,2351.17000
4812014,St. Paul County No. 19,2012,Natural Gas Reserves,m3,2247.02000
4812014,St. Paul County No. 19,2013,Natural Gas Reserves,m3,2085.64000
4812014,St. Paul County No. 19,2014,Natural Gas Reserves,m3,2032.19000
4812014,St. Paul County No. 19,2015,Natural Gas Reserves,m3,1913.11000
4812014,St. Paul County No. 19,2016,Natural Gas Reserves,m3,1792.76000
4812014,St. Paul County No. 19,2017,Natural Gas Reserves,m3,1406.93000
4812014,St. Paul County No. 19,2018,Natural Gas Reserves,m3,1409.44000
4812014,St. Paul County No. 19,2019,Natural Gas Reserves,m3,1287.89000
4812014,St. Paul County No. 19,2020,Natural Gas Reserves,m3,1261.88000
4812014,St. Paul County No. 19,2021,Natural Gas Reserves,m3,1064.12000
4812014,St. Paul County No. 19,2022,Natural Gas Reserves,m3,1023.84000
4812022,Smoky Lake County,2022,Natural Gas Reserves,m3,1250.26000
4812022,Smoky Lake County,2003,Natural Gas Reserves,m3
4812022,Smoky Lake County,2004,Natural Gas Reserves,m3
4812022,Smoky Lake County,2005,Natural Gas Reserves,m3
4812022,Smoky Lake County,2006,Natural Gas Reserves,m3
4812022,Smoky Lake County,2007,Natural Gas Reserves,m3
4812022,Smoky Lake County,2011,Natural Gas Reserves,m3,3738.44000
4812022,Smoky Lake County,2012,Natural Gas Reserves,m3,3404.62000
4812022,Smoky Lake County,2013,Natural Gas Reserves,m3,3194.69000
4812022,Smoky Lake County,2014,Natural Gas Reserves,m3,2998.85000
4812022,Smoky Lake County,2015,Natural Gas Reserves,m3,2850.45000
4812022,Smoky Lake County,2016,Natural Gas Reserves,m3,2558.98000
4812022,Smoky Lake County,2017,Natural Gas Reserves,m3,2155.15000
4812022,Smoky Lake County,2018,Natural Gas Reserves,m3,2154.16000
4812022,Smoky Lake County,2019,Natural Gas Reserves,m3,1815.66000
4812022,Smoky Lake County,2020,Natural Gas Reserves,m3,1583.86000
4812022,Smoky Lake County,2021,Natural Gas Reserves,m3,1330.06000
4819071,Peace No. 135,2003,Natural Gas Reserves,m3
4819071,Peace No. 135,2004,Natural Gas Reserves,m3
4819071,Peace No. 135,2005,Natural Gas Reserves,m3
4819071,Peace No. 135,2006,Natural Gas Reserves,m3
4819071,Peace No. 135,2007,Natural Gas Reserves,m3
4819071,Peace No. 135,2011,Natural Gas Reserves,m3,128.00000
4819071,Peace No. 135,2012,Natural Gas Reserves,m3,113.00000
4819071,Peace No. 135,2013,Natural Gas Reserves,m3,112.00000
4819071,Peace No. 135,2014,Natural Gas Reserves,m3,152.48000
4819071,Peace No. 135,2015,Natural Gas Reserves,m3,134.42000
4819071,Peace No. 135,2016,Natural Gas Reserves,m3,129.79000
4819071,Peace No. 135,2017,Natural Gas Reserves,m3,52.87000
4819071,Peace No. 135,2018,Natural Gas Reserves,m3,52.81000
4819071,Peace No. 135,2019,Natural Gas Reserves,m3,102.04000
4819071,Peace No. 135,2020,Natural Gas Reserves,m3,117.87000
4819071,Peace No. 135,2021,Natural Gas Reserves,m3,138.53000
4819071,Peace No. 135,2022,Natural Gas Reserves,m3,126.10000
4814028,Improvement District No. 25 Willmore Wilderness,2003,Natural Gas Reserves,m3
4814028,Improvement District No. 25 Willmore Wilderness,2004,Natural Gas Reserves,m3
4814028,Improvement District No. 25 Willmore Wilderness,2005,Natural Gas Reserves,m3
4814028,Improvement District No. 25 Willmore Wilderness,2006,Natural Gas Reserves,m3
4814028,Improvement District No. 25 Willmore Wilderness,2007,Natural Gas Reserves,m3
4815007,Crowsnest Pass,2003,Natural Gas Reserves,m3
4815007,Crowsnest Pass,2004,Natural Gas Reserves,m3
4815007,Crowsnest Pass,2005,Natural Gas Reserves,m3
4815007,Crowsnest Pass,2006,Natural Gas Reserves,m3
4815007,Crowsnest Pass,2007,Natural Gas Reserves,m3
4815007,Crowsnest Pass,2011,Natural Gas Reserves,m3,61.25000
4815007,Crowsnest Pass,2012,Natural Gas Reserves,m3,175.07000
4815007,Crowsnest Pass,2013,Natural Gas Reserves,m3,144.00000
4815007,Crowsnest Pass,2014,Natural Gas Reserves,m3,78.54000
4815007,Crowsnest Pass,2015,Natural Gas Reserves,m3,60.41000
4815007,Crowsnest Pass,2016,Natural Gas Reserves,m3,42.60000
4815007,Crowsnest Pass,2017,Natural Gas Reserves,m3,262.67000
4815007,Crowsnest Pass,2018,Natural Gas Reserves,m3,141.75000
4815007,Crowsnest Pass,2019,Natural Gas Reserves,m3,117.22000
4815007,Crowsnest Pass,2020,Natural Gas Reserves,m3,105.08000
4815007,Crowsnest Pass,2021,Natural Gas Reserves,m3,95.95000
4815007,Crowsnest Pass,2022,Natural Gas Reserves,m3,90.00000
4815013,Kananaskis,2022,Natural Gas Reserves,m3,3360.13000
4815013,Kananaskis,2003,Natural Gas Reserves,m3
4815013,Kananaskis,2004,Natural Gas Reserves,m3
4815013,Kananaskis,2005,Natural Gas Reserves,m3
4815013,Kananaskis,2006,Natural Gas Reserves,m3
4815013,Kananaskis,2007,Natural Gas Reserves,m3
4815013,Kananaskis,2011,Natural Gas Reserves,m3,4316.83000
4815013,Kananaskis,2012,Natural Gas Reserves,m3,3707.68000
4815013,Kananaskis,2013,Natural Gas Reserves,m3,3881.96000
4815013,Kananaskis,2014,Natural Gas Reserves,m3,3606.36000
4815013,Kananaskis,2015,Natural Gas Reserves,m3,3124.10000
4815013,Kananaskis,2016,Natural Gas Reserves,m3,2721.42000
4815013,Kananaskis,2017,Natural Gas Reserves,m3,4935.09000
4815013,Kananaskis,2018,Natural Gas Reserves,m3,4945.74000
4815013,Kananaskis,2019,Natural Gas Reserves,m3,4340.02000
4815013,Kananaskis,2020,Natural Gas Reserves,m3,3951.02000
4815013,Kananaskis,2021,Natural Gas Reserves,m3,3664.67000
4815015,Bighorn No. 8,2003,Natural Gas Reserves,m3
4815015,Bighorn No. 8,2004,Natural Gas Reserves,m3
4815015,Bighorn No. 8,2005,Natural Gas Reserves,m3
4815015,Bighorn No. 8,2006,Natural Gas Reserves,m3
4815015,Bighorn No. 8,2007,Natural Gas Reserves,m3
4815015,Bighorn No. 8,2011,Natural Gas Reserves,m3,10956.72000
4815015,Bighorn No. 8,2012,Natural Gas Reserves,m3,11452.12000
4815015,Bighorn No. 8,2013,Natural Gas Reserves,m3,10574.78000
4815015,Bighorn No. 8,2014,Natural Gas Reserves,m3,9614.98000
4815015,Bighorn No. 8,2015,Natural Gas Reserves,m3,8287.92000
4815015,Bighorn No. 8,2016,Natural Gas Reserves,m3,7057.61000
4815015,Bighorn No. 8,2017,Natural Gas Reserves,m3,13225.54000
4815015,Bighorn No. 8,2018,Natural Gas Reserves,m3,13337.48000
4815015,Bighorn No. 8,2019,Natural Gas Reserves,m3,11298.70000
4815015,Bighorn No. 8,2020,Natural Gas Reserves,m3,10153.39000
4815015,Bighorn No. 8,2021,Natural Gas Reserves,m3,9244.28000
4815015,Bighorn No. 8,2022,Natural Gas Reserves,m3,8498.31000
4815033,Jasper,2003,Natural Gas Reserves,m3
4815033,Jasper,2004,Natural Gas Reserves,m3
4815033,Jasper,2005,Natural Gas Reserves,m3
4815033,Jasper,2006,Natural Gas Reserves,m3
4815033,Jasper,2007,Natural Gas Reserves,m3
4815037,Improvement District No. 12 Jasper Park,2003,Natural Gas Reserves,m3
4815037,Improvement District No. 12 Jasper Park,2004,Natural Gas Reserves,m3
4815037,Improvement District No. 12 Jasper Park,2005,Natural Gas Reserves,m3
4815037,Improvement District No. 12 Jasper Park,2006,Natural Gas Reserves,m3
4815037,Improvement District No. 12 Jasper Park,2007,Natural Gas Reserves,m3
4815045,Ranchland No. 66,2003,Natural Gas Reserves,m3
4815045,Ranchland No. 66,2004,Natural Gas Reserves,m3
4815045,Ranchland No. 66,2005,Natural Gas Reserves,m3
4815045,Ranchland No. 66,2006,Natural Gas Reserves,m3
4815045,Ranchland No. 66,2007,Natural Gas Reserves,m3
4815045,Ranchland No. 66,2011,Natural Gas Reserves,m3,1349.51000
4815045,Ranchland No. 66,2012,Natural Gas Reserves,m3,1190.39000
4815045,Ranchland No. 66,2013,Natural Gas Reserves,m3,1033.89000
4815045,Ranchland No. 66,2014,Natural Gas Reserves,m3,990.37000
4815045,Ranchland No. 66,2015,Natural Gas Reserves,m3,947.64000
4815045,Ranchland No. 66,2016,Natural Gas Reserves,m3,926.66000
4815045,Ranchland No. 66,2017,Natural Gas Reserves,m3,803.38000
4815045,Ranchland No. 66,2018,Natural Gas Reserves,m3,801.98000
4815045,Ranchland No. 66,2019,Natural Gas Reserves,m3,224.78000
4815045,Ranchland No. 66,2020,Natural Gas Reserves,m3,191.78000
4815045,Ranchland No. 66,2021,Natural Gas Reserves,m3,167.78000
4815045,Ranchland No. 66,2022,Natural Gas Reserves,m3,148.78000
4816037,Wood Buffalo,2022,Natural Gas Reserves,m3,5427.23000
4816037,Wood Buffalo,2003,Natural Gas Reserves,m3
4816037,Wood Buffalo,2004,Natural Gas Reserves,m3
4816037,Wood Buffalo,2005,Natural Gas Reserves,m3
4816037,Wood Buffalo,2006,Natural Gas Reserves,m3
4816037,Wood Buffalo,2007,Natural Gas Reserves,m3
4816037,Wood Buffalo,2011,Natural Gas Reserves,m3,9686.23000
4816037,Wood Buffalo,2012,Natural Gas Reserves,m3,9022.17000
4816037,Wood Buffalo,2013,Natural Gas Reserves,m3,8418.11000
4816037,Wood Buffalo,2014,Natural Gas Reserves,m3,7969.32000
4816037,Wood Buffalo,2015,Natural Gas Reserves,m3,7644.49000
4816037,Wood Buffalo,2016,Natural Gas Reserves,m3,7124.77000
4816037,Wood Buffalo,2017,Natural Gas Reserves,m3,6622.26000
4816037,Wood Buffalo,2018,Natural Gas Reserves,m3,6617.61000
4816037,Wood Buffalo,2019,Natural Gas Reserves,m3,6664.04000
4816037,Wood Buffalo,2020,Natural Gas Reserves,m3,6567.17000
4816037,Wood Buffalo,2021,Natural Gas Reserves,m3,5560.99000
4810068,Improvement District No. 13 Elk Island,2003,Natural Gas Reserves,m3
4810068,Improvement District No. 13 Elk Island,2004,Natural Gas Reserves,m3
4810068,Improvement District No. 13 Elk Island,2005,Natural Gas Reserves,m3
4810068,Improvement District No. 13 Elk Island,2006,Natural Gas Reserves,m3
4810068,Improvement District No. 13 Elk Island,2007,Natural Gas Reserves,m3
4811012,Leduc County,2003,Natural Gas Reserves,m3
4811012,Leduc County,2004,Natural Gas Reserves,m3
4811012,Leduc County,2005,Natural Gas Reserves,m3
4811012,Leduc County,2006,Natural Gas Reserves,m3
4811012,Leduc County,2007,Natural Gas Reserves,m3
4811012,Leduc County,2011,Natural Gas Reserves,m3,6224.81000
4811012,Leduc County,2012,Natural Gas Reserves,m3,5728.55000
4811012,Leduc County,2013,Natural Gas Reserves,m3,5922.03000
4811012,Leduc County,2014,Natural Gas Reserves,m3,4979.24000
4811012,Leduc County,2015,Natural Gas Reserves,m3,5247.60000
4811012,Leduc County,2016,Natural Gas Reserves,m3,5797.09000
4811012,Leduc County,2017,Natural Gas Reserves,m3,5054.89000
4811012,Leduc County,2018,Natural Gas Reserves,m3,5119.93000
4811012,Leduc County,2019,Natural Gas Reserves,m3,5322.96000
4811012,Leduc County,2020,Natural Gas Reserves,m3,5101.30000
4811012,Leduc County,2021,Natural Gas Reserves,m3,5202.34000
4811012,Leduc County,2022,Natural Gas Reserves,m3,5197.61000
4811001,Wetaskiwin County No. 10,2022,Natural Gas Reserves,m3,4288.10000
4811001,Wetaskiwin County No. 10,2003,Natural Gas Reserves,m3
4811001,Wetaskiwin County No. 10,2004,Natural Gas Reserves,m3
4811001,Wetaskiwin County No. 10,2005,Natural Gas Reserves,m3
4811001,Wetaskiwin County No. 10,2006,Natural Gas Reserves,m3
4811001,Wetaskiwin County No. 10,2007,Natural Gas Reserves,m3
4811001,Wetaskiwin County No. 10,2011,Natural Gas Reserves,m3,6321.97000
4811001,Wetaskiwin County No. 10,2012,Natural Gas Reserves,m3,5596.66000
4811001,Wetaskiwin County No. 10,2013,Natural Gas Reserves,m3,5309.07000
4811001,Wetaskiwin County No. 10,2014,Natural Gas Reserves,m3,5993.40000
4811001,Wetaskiwin County No. 10,2015,Natural Gas Reserves,m3,5665.19000
4811001,Wetaskiwin County No. 10,2016,Natural Gas Reserves,m3,5221.05000
4811001,Wetaskiwin County No. 10,2017,Natural Gas Reserves,m3,4995.76000
4811001,Wetaskiwin County No. 10,2018,Natural Gas Reserves,m3,5068.31000
4811001,Wetaskiwin County No. 10,2019,Natural Gas Reserves,m3,4669.56000
4811001,Wetaskiwin County No. 10,2020,Natural Gas Reserves,m3,4501.07000
4811001,Wetaskiwin County No. 10,2021,Natural Gas Reserves,m3,4259.79000
4817076,Northern Lights County,2003,Natural Gas Reserves,m3
4817076,Northern Lights County,2004,Natural Gas Reserves,m3
4817076,Northern Lights County,2005,Natural Gas Reserves,m3
4817076,Northern Lights County,2006,Natural Gas Reserves,m3
4817076,Northern Lights County,2007,Natural Gas Reserves,m3
4817076,Northern Lights County,2011,Natural Gas Reserves,m3,6334.28000
4817076,Northern Lights County,2012,Natural Gas Reserves,m3,5408.89000
4817076,Northern Lights County,2013,Natural Gas Reserves,m3,4752.71000
4817076,Northern Lights County,2014,Natural Gas Reserves,m3,4085.40000
4817076,Northern Lights County,2015,Natural Gas Reserves,m3,3872.36000
4817076,Northern Lights County,2016,Natural Gas Reserves,m3,3546.03000
4817076,Northern Lights County,2017,Natural Gas Reserves,m3,3900.95000
4817076,Northern Lights County,2018,Natural Gas Reserves,m3,3827.19000
4817076,Northern Lights County,2019,Natural Gas Reserves,m3,3168.50000
4817076,Northern Lights County,2020,Natural Gas Reserves,m3,3023.41000
4817076,Northern Lights County,2021,Natural Gas Reserves,m3,2573.83000
4817076,Northern Lights County,2022,Natural Gas Reserves,m3,2454.68000
4813036,Thorhild County,2022,Natural Gas Reserves,m3,666.53000
4813036,Thorhild County,2003,Natural Gas Reserves,m3
4813036,Thorhild County,2004,Natural Gas Reserves,m3
4813036,Thorhild County,2005,Natural Gas Reserves,m3
4813036,Thorhild County,2006,Natural Gas Reserves,m3
4813036,Thorhild County,2007,Natural Gas Reserves,m3
4813036,Thorhild County,2011,Natural Gas Reserves,m3,1557.31000
4813036,Thorhild County,2012,Natural Gas Reserves,m3,1359.37000
4813036,Thorhild County,2013,Natural Gas Reserves,m3,1194.85000
4813036,Thorhild County,2014,Natural Gas Reserves,m3,1629.01000
4813036,Thorhild County,2015,Natural Gas Reserves,m3,1582.94000
4813036,Thorhild County,2016,Natural Gas Reserves,m3,1474.24000
4813036,Thorhild County,2017,Natural Gas Reserves,m3,877.58000
4813036,Thorhild County,2018,Natural Gas Reserves,m3,842.38000
4813036,Thorhild County,2019,Natural Gas Reserves,m3,726.68000
4813036,Thorhild County,2020,Natural Gas Reserves,m3,679.90000
4813036,Thorhild County,2021,Natural Gas Reserves,m3,660.14000
4813044,Athabasca County,2003,Natural Gas Reserves,m3
4813044,Athabasca County,2004,Natural Gas Reserves,m3
4813044,Athabasca County,2005,Natural Gas Reserves,m3
4813044,Athabasca County,2006,Natural Gas Reserves,m3
4813044,Athabasca County,2007,Natural Gas Reserves,m3
4813044,Athabasca County,2011,Natural Gas Reserves,m3,3799.41000
4813044,Athabasca County,2012,Natural Gas Reserves,m3,3602.38000
4813044,Athabasca County,2013,Natural Gas Reserves,m3,3053.60000
4813044,Athabasca County,2014,Natural Gas Reserves,m3,2927.16000
4813044,Athabasca County,2015,Natural Gas Reserves,m3,2894.24000
4813044,Athabasca County,2016,Natural Gas Reserves,m3,2777.81000
4813044,Athabasca County,2017,Natural Gas Reserves,m3,1375.39000
4813044,Athabasca County,2018,Natural Gas Reserves,m3,1376.13000
4813044,Athabasca County,2019,Natural Gas Reserves,m3,1210.57000
4813044,Athabasca County,2020,Natural Gas Reserves,m3,1156.93000
4813044,Athabasca County,2021,Natural Gas Reserves,m3,812.00000
4813044,Athabasca County,2022,Natural Gas Reserves,m3,865.28000
4817033,Lesser Slave River No.124,2022,Natural Gas Reserves,m3,3007.75000
4817033,Lesser Slave River No.124,2003,Natural Gas Reserves,m3
4817033,Lesser Slave River No.124,2004,Natural Gas Reserves,m3
4817033,Lesser Slave River No.124,2005,Natural Gas Reserves,m3
4817033,Lesser Slave River No.124,2006,Natural Gas Reserves,m3
4817033,Lesser Slave River No.124,2007,Natural Gas Reserves,m3
4817033,Lesser Slave River No.124,2011,Natural Gas Reserves,m3,6370.38000
4817033,Lesser Slave River No.124,2012,Natural Gas Reserves,m3,5949.32000
4817033,Lesser Slave River No.124,2013,Natural Gas Reserves,m3,5326.17000
4817033,Lesser Slave River No.124,2014,Natural Gas Reserves,m3,5332.42000
4817033,Lesser Slave River No.124,2015,Natural Gas Reserves,m3,5469.58000
4817033,Lesser Slave River No.124,2016,Natural Gas Reserves,m3,5058.72000
4817033,Lesser Slave River No.124,2017,Natural Gas Reserves,m3,3866.01000
4817033,Lesser Slave River No.124,2018,Natural Gas Reserves,m3,3858.21000
4817033,Lesser Slave River No.124,2019,Natural Gas Reserves,m3,3449.79000
4817033,Lesser Slave River No.124,2020,Natural Gas Reserves,m3,3390.80000
4817033,Lesser Slave River No.124,2021,Natural Gas Reserves,m3,3003.13000
4810058,Lamont County,2003,Natural Gas Reserves,m3
4810058,Lamont County,2004,Natural Gas Reserves,m3
4810058,Lamont County,2005,Natural Gas Reserves,m3
4810058,Lamont County,2006,Natural Gas Reserves,m3
4810058,Lamont County,2007,Natural Gas Reserves,m3
4810058,Lamont County,2011,Natural Gas Reserves,m3,2266.76000
4810058,Lamont County,2012,Natural Gas Reserves,m3,2098.03000
4810058,Lamont County,2013,Natural Gas Reserves,m3,1879.79000
4810058,Lamont County,2014,Natural Gas Reserves,m3,1780.55000
4810058,Lamont County,2015,Natural Gas Reserves,m3,1722.42000
4810058,Lamont County,2016,Natural Gas Reserves,m3,1633.37000
4810058,Lamont County,2017,Natural Gas Reserves,m3,622.46000
4810058,Lamont County,2018,Natural Gas Reserves,m3,619.43000
4810058,Lamont County,2019,Natural Gas Reserves,m3,542.99000
4810058,Lamont County,2020,Natural Gas Reserves,m3,512.07000
4810058,Lamont County,2021,Natural Gas Reserves,m3,513.39000
4810058,Lamont County,2022,Natural Gas Reserves,m3,517.52000
4810048,Two Hills County No. 21,2022,Natural Gas Reserves,m3,828.71000
4810048,Two Hills County No. 21,2003,Natural Gas Reserves,m3
4810048,Two Hills County No. 21,2004,Natural Gas Reserves,m3
4810048,Two Hills County No. 21,2005,Natural Gas Reserves,m3
4810048,Two Hills County No. 21,2006,Natural Gas Reserves,m3
4810048,Two Hills County No. 21,2007,Natural Gas Reserves,m3
4810048,Two Hills County No. 21,2011,Natural Gas Reserves,m3,2702.42000
4810048,Two Hills County No. 21,2012,Natural Gas Reserves,m3,2476.21000
4810048,Two Hills County No. 21,2013,Natural Gas Reserves,m3,2244.25000
4810048,Two Hills County No. 21,2014,Natural Gas Reserves,m3,2200.07000
4810048,Two Hills County No. 21,2015,Natural Gas Reserves,m3,1982.28000
4810048,Two Hills County No. 21,2016,Natural Gas Reserves,m3,1855.73000
4810048,Two Hills County No. 21,2017,Natural Gas Reserves,m3,1122.57000
4810048,Two Hills County No. 21,2018,Natural Gas Reserves,m3,1121.52000
4810048,Two Hills County No. 21,2019,Natural Gas Reserves,m3,961.50000
4810048,Two Hills County No. 21,2020,Natural Gas Reserves,m3,907.28000
4810048,Two Hills County No. 21,2021,Natural Gas Reserves,m3,844.32000
4814003,Yellowhead County,2003,Natural Gas Reserves,m3
4814003,Yellowhead County,2004,Natural Gas Reserves,m3
4814003,Yellowhead County,2005,Natural Gas Reserves,m3
4814003,Yellowhead County,2006,Natural Gas Reserves,m3
4814003,Yellowhead County,2007,Natural Gas Reserves,m3
4814003,Yellowhead County,2011,Natural Gas Reserves,m3,110405.62000
4814003,Yellowhead County,2013,Natural Gas Reserves,m3,107200.53000
4814003,Yellowhead County,2014,Natural Gas Reserves,m3,102642.06000
4814003,Yellowhead County,2015,Natural Gas Reserves,m3,94268.64000
4814003,Yellowhead County,2016,Natural Gas Reserves,m3,87414.81000
4814003,Yellowhead County,2017,Natural Gas Reserves,m3,93736.98000
4814003,Yellowhead County,2018,Natural Gas Reserves,m3,93668.14000
4814003,Yellowhead County,2019,Natural Gas Reserves,m3,87065.88000
4814003,Yellowhead County,2020,Natural Gas Reserves,m3,78271.27000
4814003,Yellowhead County,2021,Natural Gas Reserves,m3,70869.44000
4814003,Yellowhead County,2022,Natural Gas Reserves,m3,66756.03000
