<response>
<row>
<row _id="1" _uuid="441DD3BB-FD6A-40B2-8941-8D8EBE9420FD" _position="1" _address="http://data.iae.alberta.ca/resource/kk2r-4q46/1">
<year>2007</year>
<employed_thousands>1991.3</employed_thousands>
<labour_force_thousands>2064.1</labour_force_thousands>
<new_apprentices_registered_all_trades>22663</new_apprentices_registered_all_trades>
<total_apprentices_registered_all_trades>67274</total_apprentices_registered_all_trades>
<unemployed_thousands>72.8</unemployed_thousands>
<unemployment_rate>3.5</unemployment_rate>
</row>
<row _id="2" _uuid="F138DFAF-24F6-4420-AAD1-A89787B1BD6C" _position="2" _address="http://data.iae.alberta.ca/resource/kk2r-4q46/2">
<year>2008</year>
<employed_thousands>2053.7</employed_thousands>
<labour_force_thousands>2130.7</labour_force_thousands>
<new_apprentices_registered_all_trades>22668</new_apprentices_registered_all_trades>
<total_apprentices_registered_all_trades>70415</total_apprentices_registered_all_trades>
<unemployed_thousands>77</unemployed_thousands>
<unemployment_rate>3.6</unemployment_rate>
</row>
<row _id="3" _uuid="A7F6C949-5215-46F2-A3ED-D2880FB7595B" _position="3" _address="http://data.iae.alberta.ca/resource/kk2r-4q46/3">
<year>2009</year>
<employed_thousands>2025.2</employed_thousands>
<labour_force_thousands>2167.3</labour_force_thousands>
<new_apprentices_registered_all_trades>16594</new_apprentices_registered_all_trades>
<total_apprentices_registered_all_trades>69904</total_apprentices_registered_all_trades>
<unemployed_thousands>142.1</unemployed_thousands>
<unemployment_rate>6.6</unemployment_rate>
</row>
<row _id="4" _uuid="BA8CC720-D75A-4DC1-816A-0FBB245145DD" _position="4" _address="http://data.iae.alberta.ca/resource/kk2r-4q46/4">
<year>2010</year>
<employed_thousands>2016.6</employed_thousands>
<labour_force_thousands>2157.3</labour_force_thousands>
<new_apprentices_registered_all_trades>15199</new_apprentices_registered_all_trades>
<total_apprentices_registered_all_trades>63029</total_apprentices_registered_all_trades>
<unemployed_thousands>140.7</unemployed_thousands>
<unemployment_rate>6.5</unemployment_rate>
</row>
<row _id="5" _uuid="713C119C-01F3-4CE9-9A64-5B5B0DFAF23E" _position="5" _address="http://data.iae.alberta.ca/resource/kk2r-4q46/5">
<year>2011</year>
<employed_thousands>2094.1</employed_thousands>
<labour_force_thousands>2215.2</labour_force_thousands>
<new_apprentices_registered_all_trades>17371</new_apprentices_registered_all_trades>
<total_apprentices_registered_all_trades>57004</total_apprentices_registered_all_trades>
<unemployed_thousands>121</unemployed_thousands>
<unemployment_rate>5.5</unemployment_rate>
</row>
<row _id="6" _uuid="3EF794BB-138F-4918-8499-18610434523A" _position="6" _address="http://data.iae.alberta.ca/resource/kk2r-4q46/6">
<year>2012</year>
<employed_thousands>2149.6</employed_thousands>
<labour_force_thousands>2253.5</labour_force_thousands>
<new_apprentices_registered_all_trades>21906</new_apprentices_registered_all_trades>
<total_apprentices_registered_all_trades>61326</total_apprentices_registered_all_trades>
<unemployed_thousands>103.8</unemployed_thousands>
<unemployment_rate>4.6</unemployment_rate>
</row>
</row>
</response>