{
  "meta" : {
    "view" : {
      "id" : "kk2r-4q46",
      "name" : "Alberta Apprenticeship and Provincial Labour Force Statistics, 2007 - 2012",
      "attribution" : "Alberta Innovates",
      "attributionLink" : "http://tradesecrets.alberta.ca/sources/pdfs/BOARD_ANNUAL_REPORT/PDF/2012_STATISTICAL_REPORT.PDF",
      "averageRating" : 0,
      "createdAt" : 1391537819,
      "description" : "An overview of apprenticeship (total and new registrations) and labour force statistics (labour force, number employed and unemployed, and unemployment rate) for the last six calendar years. Includes per cent change.",
      "displayType" : "table",
      "downloadCount" : 201,
      "indexUpdatedAt" : 1414724631,
      "newBackend" : false,
      "numberOfComments" : 0,
      "oid" : 7290733,
      "publicationAppendEnabled" : false,
      "publicationDate" : 1392154957,
      "publicationGroup" : 1465722,
      "publicationStage" : "published",
      "rowClass" : "",
      "rowsUpdatedAt" : 1391627015,
      "rowsUpdatedBy" : "us8s-63ci",
      "tableId" : 1465722,
      "totalTimesRated" : 0,
      "viewCount" : 335769,
      "viewLastModified" : 1392928466,
      "viewType" : "tabular",
      "columns" : [ {
        "id" : -1,
        "name" : "sid",
        "dataTypeName" : "meta_data",
        "fieldName" : ":sid",
        "position" : 0,
        "renderTypeName" : "meta_data",
        "format" : {
        }
      }, {
        "id" : -1,
        "name" : "id",
        "dataTypeName" : "meta_data",
        "fieldName" : ":id",
        "position" : 0,
        "renderTypeName" : "meta_data",
        "format" : {
        }
      }, {
        "id" : -1,
        "name" : "position",
        "dataTypeName" : "meta_data",
        "fieldName" : ":position",
        "position" : 0,
        "renderTypeName" : "meta_data",
        "format" : {
        }
      }, {
        "id" : -1,
        "name" : "created_at",
        "dataTypeName" : "meta_data",
        "fieldName" : ":created_at",
        "position" : 0,
        "renderTypeName" : "meta_data",
        "format" : {
        }
      }, {
        "id" : -1,
        "name" : "created_meta",
        "dataTypeName" : "meta_data",
        "fieldName" : ":created_meta",
        "position" : 0,
        "renderTypeName" : "meta_data",
        "format" : {
        }
      }, {
        "id" : -1,
        "name" : "updated_at",
        "dataTypeName" : "meta_data",
        "fieldName" : ":updated_at",
        "position" : 0,
        "renderTypeName" : "meta_data",
        "format" : {
        }
      }, {
        "id" : -1,
        "name" : "updated_meta",
        "dataTypeName" : "meta_data",
        "fieldName" : ":updated_meta",
        "position" : 0,
        "renderTypeName" : "meta_data",
        "format" : {
        }
      }, {
        "id" : -1,
        "name" : "meta",
        "dataTypeName" : "meta_data",
        "fieldName" : ":meta",
        "position" : 0,
        "renderTypeName" : "meta_data",
        "format" : {
        }
      }, {
        "id" : 131949884,
        "name" : "Year",
        "dataTypeName" : "number",
        "fieldName" : "year",
        "position" : 1,
        "renderTypeName" : "number",
        "tableColumnId" : 17953611,
        "width" : 148,
        "cachedContents" : {
          "non_null" : 6,
          "smallest" : "2007",
          "sum" : "12057",
          "null" : 0,
          "average" : "2009.5",
          "largest" : "2012",
          "top" : [ {
            "count" : 20,
            "item" : "2007"
          }, {
            "count" : 19,
            "item" : "2008"
          }, {
            "count" : 18,
            "item" : "2009"
          }, {
            "count" : 17,
            "item" : "2010"
          }, {
            "count" : 16,
            "item" : "2011"
          }, {
            "count" : 15,
            "item" : "2012"
          } ]
        },
        "format" : {
          "precisionStyle" : "standard",
          "noCommas" : "true",
          "align" : "right"
        }
      }, {
        "id" : 131949885,
        "name" : "Employed (thousands)",
        "dataTypeName" : "number",
        "fieldName" : "employed_thousands",
        "position" : 2,
        "renderTypeName" : "number",
        "tableColumnId" : 17953612,
        "width" : 340,
        "cachedContents" : {
          "non_null" : 6,
          "smallest" : "1991.3",
          "sum" : "12330.5",
          "null" : 0,
          "average" : "2055.083333333333",
          "largest" : "2149.6",
          "top" : [ {
            "count" : 20,
            "item" : "1991.3"
          }, {
            "count" : 19,
            "item" : "2053.7"
          }, {
            "count" : 18,
            "item" : "2025.2"
          }, {
            "count" : 17,
            "item" : "2016.6"
          }, {
            "count" : 16,
            "item" : "2094.1"
          }, {
            "count" : 15,
            "item" : "2149.6"
          } ]
        },
        "format" : {
        }
      }, {
        "id" : 131949886,
        "name" : "Labour Force (thousands)",
        "dataTypeName" : "number",
        "fieldName" : "labour_force_thousands",
        "position" : 3,
        "renderTypeName" : "number",
        "tableColumnId" : 17953613,
        "width" : 388,
        "cachedContents" : {
          "non_null" : 6,
          "smallest" : "2064.1",
          "sum" : "12988.1",
          "null" : 0,
          "average" : "2164.683333333333",
          "largest" : "2253.5",
          "top" : [ {
            "count" : 20,
            "item" : "2064.1"
          }, {
            "count" : 19,
            "item" : "2130.7"
          }, {
            "count" : 18,
            "item" : "2167.3"
          }, {
            "count" : 17,
            "item" : "2157.3"
          }, {
            "count" : 16,
            "item" : "2215.2"
          }, {
            "count" : 15,
            "item" : "2253.5"
          } ]
        },
        "format" : {
        }
      }, {
        "id" : 131949887,
        "name" : "New Apprentices Registered (all trades)",
        "dataTypeName" : "number",
        "fieldName" : "new_apprentices_registered_all_trades",
        "position" : 4,
        "renderTypeName" : "number",
        "tableColumnId" : 17953614,
        "width" : 568,
        "cachedContents" : {
          "non_null" : 6,
          "smallest" : "15199",
          "sum" : "116401",
          "null" : 0,
          "average" : "19400.16666666667",
          "largest" : "22668",
          "top" : [ {
            "count" : 20,
            "item" : "22663"
          }, {
            "count" : 19,
            "item" : "22668"
          }, {
            "count" : 18,
            "item" : "16594"
          }, {
            "count" : 17,
            "item" : "15199"
          }, {
            "count" : 16,
            "item" : "17371"
          }, {
            "count" : 15,
            "item" : "21906"
          } ]
        },
        "format" : {
        }
      }, {
        "id" : 131949888,
        "name" : "Total Apprentices Registered (all trades)",
        "dataTypeName" : "number",
        "fieldName" : "total_apprentices_registered_all_trades",
        "position" : 5,
        "renderTypeName" : "number",
        "tableColumnId" : 17953615,
        "width" : 592,
        "cachedContents" : {
          "non_null" : 6,
          "smallest" : "57004",
          "sum" : "388952",
          "null" : 0,
          "average" : "64825.33333333333",
          "largest" : "70415",
          "top" : [ {
            "count" : 20,
            "item" : "67274"
          }, {
            "count" : 19,
            "item" : "70415"
          }, {
            "count" : 18,
            "item" : "69904"
          }, {
            "count" : 17,
            "item" : "63029"
          }, {
            "count" : 16,
            "item" : "57004"
          }, {
            "count" : 15,
            "item" : "61326"
          } ]
        },
        "format" : {
        }
      }, {
        "id" : 131949889,
        "name" : "Unemployed (thousands)",
        "dataTypeName" : "number",
        "fieldName" : "unemployed_thousands",
        "position" : 6,
        "renderTypeName" : "number",
        "tableColumnId" : 17953616,
        "width" : 364,
        "cachedContents" : {
          "non_null" : 6,
          "smallest" : "72.8",
          "sum" : "657.4",
          "null" : 0,
          "average" : "109.5666666666667",
          "largest" : "142.1",
          "top" : [ {
            "count" : 20,
            "item" : "72.8"
          }, {
            "count" : 19,
            "item" : "77"
          }, {
            "count" : 18,
            "item" : "142.1"
          }, {
            "count" : 17,
            "item" : "140.7"
          }, {
            "count" : 16,
            "item" : "121"
          }, {
            "count" : 15,
            "item" : "103.8"
          } ]
        },
        "format" : {
        }
      }, {
        "id" : 131949890,
        "name" : "Unemployment Rate (%)",
        "dataTypeName" : "percent",
        "fieldName" : "unemployment_rate",
        "position" : 7,
        "renderTypeName" : "percent",
        "tableColumnId" : 17953617,
        "width" : 352,
        "cachedContents" : {
          "non_null" : 6,
          "smallest" : "3.5",
          "sum" : "30.3",
          "null" : 0,
          "average" : "5.05",
          "largest" : "6.6",
          "top" : [ {
            "count" : 20,
            "item" : "3.5"
          }, {
            "count" : 19,
            "item" : "3.6"
          }, {
            "count" : 18,
            "item" : "6.6"
          }, {
            "count" : 17,
            "item" : "6.5"
          }, {
            "count" : 16,
            "item" : "5.5"
          }, {
            "count" : 15,
            "item" : "4.6"
          } ]
        },
        "format" : {
        }
      } ],
      "grants" : [ {
        "inherited" : false,
        "type" : "viewer",
        "flags" : [ "public" ]
      } ],
      "metadata" : {
        "custom_fields" : {
          "API & Download Information" : {
            "Available Download Formats" : "CSV, JSON, PDF, RDF, RSS, XLS, XLSX, XML",
            "API Access Endpoint" : "http://data.iae.alberta.ca/resource/kk2r-4q46.json",
            "Dataset API Format" : "SODA"
          },
          "Creator Information" : {
            "Creator Website URL" : "http://tradesecrets.alberta.ca/sources/pdfs/BOARD_ANNUAL_REPORT/PDF/2012_STATISTICAL_REPORT.PDF",
            "Creator Phone Number" : "780-427-0829",
            "Creator Email" : "carol.chovanec@gov.ab.ca"
          },
          "Test" : {
            "Test" : ""
          },
          "Dataset Information" : {
            "Sensitivity" : "Unrestricted",
            "Secondary Data Provided By" : "",
            "Attribution Source" : "",
            "Alternate Title" : "",
            "DatasetId" : "kk2r-4q46",
            "Language" : "en-ca",
            "Secondary Source Link" : "",
            "Frequency" : "Annually",
            "Time Coverage" : "since Jan 2007"
          },
          "Publisher Information" : {
            "Publisher Phone Number" : "780-427-0829",
            "Publisher Website URL" : "http://tradesecrets.alberta.ca/about-us/forms-and-references/",
            "Publisher Email" : "carol.chovanec@gov.ab.ca"
          },
          "Usage" : {
            "Usage Consideration" : "See attachment for usage"
          }
        },
        "renderTypeConfig" : {
          "visible" : {
            "table" : true
          }
        },
        "availableDisplayTypes" : [ "table", "fatrow", "page" ],
        "rdfSubject" : "0",
        "attachments" : [ {
          "assetId" : "PQph1Isk0iKiE51BJfDgksc4lSkVuByhejR3YuQnsqI",
          "blobId" : "",
          "name" : "Usage Considerations - Apprenticeship and Provincial Labour Force Statistics 2007 - 2012.pdf",
          "filename" : "Usage Considerations - Apprenticeship and Provincial Labour Force Statistics 2007 - 2012.pdf"
        } ],
        "rowIdentifier" : "0",
        "rdfClass" : ""
      },
      "owner" : {
        "id" : "us8s-63ci",
        "displayName" : "Government of Alberta",
        "roleName" : "administrator",
        "screenName" : "Government of Alberta",
        "rights" : [ "create_datasets", "edit_others_datasets", "edit_sdp", "edit_site_theme", "moderate_comments", "manage_users", "chown_datasets", "edit_nominations", "approve_nominations", "feature_items", "federations", "manage_stories", "manage_approval", "change_configurations", "view_domain", "view_others_datasets", "edit_pages", "create_pages", "view_goals", "view_dashboards", "edit_goals", "edit_dashboards", "create_dashboards" ]
      },
      "query" : {
      },
      "rights" : [ "read" ],
      "tableAuthor" : {
        "id" : "us8s-63ci",
        "displayName" : "Government of Alberta",
        "roleName" : "administrator",
        "screenName" : "Government of Alberta",
        "rights" : [ "create_datasets", "edit_others_datasets", "edit_sdp", "edit_site_theme", "moderate_comments", "manage_users", "chown_datasets", "edit_nominations", "approve_nominations", "feature_items", "federations", "manage_stories", "manage_approval", "change_configurations", "view_domain", "view_others_datasets", "edit_pages", "create_pages", "view_goals", "view_dashboards", "edit_goals", "edit_dashboards", "create_dashboards" ]
      },
      "tags" : [ "apprenticeship", "industry", "trades", "occupations", "training", "apprentice", "tradesperson", "education and training", "apprenticeship and trades" ],
      "flags" : [ "default" ]
    }
  },
  "data" : [ [ 1, "441DD3BB-FD6A-40B2-8941-8D8EBE9420FD", 1, 1391627000, "710753", 1391627000, "710753", "{\n}", "2007", "1991.3", "2064.1", "22663", "67274", "72.8", "3.5" ]
, [ 2, "F138DFAF-24F6-4420-AAD1-A89787B1BD6C", 2, 1391627000, "710753", 1391627000, "710753", "{\n}", "2008", "2053.7", "2130.7", "22668", "70415", "77", "3.6" ]
, [ 3, "A7F6C949-5215-46F2-A3ED-D2880FB7595B", 3, 1391627000, "710753", 1391627000, "710753", "{\n}", "2009", "2025.2", "2167.3", "16594", "69904", "142.1", "6.6" ]
, [ 4, "BA8CC720-D75A-4DC1-816A-0FBB245145DD", 4, 1391627000, "710753", 1391627000, "710753", "{\n}", "2010", "2016.6", "2157.3", "15199", "63029", "140.7", "6.5" ]
, [ 5, "713C119C-01F3-4CE9-9A64-5B5B0DFAF23E", 5, 1391627000, "710753", 1391627000, "710753", "{\n}", "2011", "2094.1", "2215.2", "17371", "57004", "121", "5.5" ]
, [ 6, "3EF794BB-138F-4918-8499-18610434523A", 6, 1391627000, "710753", 1391627000, "710753", "{\n}", "2012", "2149.6", "2253.5", "21906", "61326", "103.8", "4.6" ]
 ]
}